id,gid,code_zone,zone,date,date_dif,code_pol,polluant,etat,niveau,com_court,commentaire,OBJECTID,SHAPE__Area,SHAPE__Length
1,1,2016,Zone Alpine Ain,2025-01-19,2025-01-18,8,Dioxyde d'azote,PAS DE DEPASSEMENT,#19FF19,aucun,aucun,1,3359408044.19214,346225.361125245
2,2,2016,Zone Alpine Ain,2025-01-18,2025-01-17,8,Dioxyde d'azote,PAS DE DEPASSEMENT,#19FF19,aucun,aucun,2,3359408044.19214,346225.361125245
3,3,2016,Zone Alpine Ain,2025-02-08,2025-02-07,7,Ozone,PAS DE DEPASSEMENT,#19FF19,aucun,aucun,3,3359408044.19214,346225.361125245
4,4,2016,Zone Alpine Ain,2025-01-26,2025-01-25,7,Ozone,PAS DE DEPASSEMENT,#19FF19,aucun,aucun,4,3359408044.19214,346225.361125245
5,5,2016,Zone Alpine Ain,2025-01-23,2025-01-22,5,Particules PM10,PAS DE DEPASSEMENT,#19FF19,aucun,aucun,5,3359408044.19214,346225.361125245
6,6,2016,Zone Alpine Ain,2025-03-05,2025-03-04,5,Particules PM10,PAS DE DEPASSEMENT,#19FF19,aucun,aucun,6,3359408044.19214,346225.361125245
7,7,2013,Zone Alpine Isère,2025-03-14,2025-03-13,8,Dioxyde d'azote,PAS DE DEPASSEMENT,#19FF19,aucun,aucun,7,7206588787.80615,781821.320976567
8,8,2013,Zone Alpine Isère,2025-02-19,2025-02-18,8,Dioxyde d'azote,PAS DE DEPASSEMENT,#19FF19,aucun,aucun,8,7206588787.80615,781821.320976567
9,9,2013,Zone Alpine Isère,2025-04-01,2025-03-31,7,Ozone,PAS DE DEPASSEMENT,#19FF19,aucun,aucun,9,7206588787.80615,781821.320976567
10,10,2013,Zone Alpine Isère,2025-03-27,2025-03-26,7,Ozone,PAS DE DEPASSEMENT,#19FF19,aucun,aucun,10,7206588787.80615,781821.320976567
11,11,2013,Zone Alpine Isère,2025-01-14,2025-01-13,5,Particules PM10,PAS DE DEPASSEMENT,#19FF19,aucun,aucun,11,7206588787.80615,781821.320976567
12,12,2013,Zone Alpine Isère,2025-03-08,2025-03-07,5,Particules PM10,PAS DE DEPASSEMENT,#19FF19,aucun,aucun,12,7206588787.80615,781821.320976567
13,13,2007,Ouest Ardèche,2025-02-28,2025-02-27,8,Dioxyde d'azote,PAS DE DEPASSEMENT,#19FF19,aucun,aucun,13,9228857579.24243,627133.487901413
14,14,2007,Ouest Ardèche,2025-01-15,2025-01-14,8,Dioxyde d'azote,PAS DE DEPASSEMENT,#19FF19,aucun,aucun,14,9228857579.24243,627133.487901413
15,15,2007,Ouest Ardèche,2025-03-09,2025-03-08,7,Ozone,PAS DE DEPASSEMENT,#19FF19,aucun,aucun,15,9228857579.24243,627133.487901413
16,16,2007,Ouest Ardèche,2025-02-24,2025-02-23,7,Ozone,PAS DE DEPASSEMENT,#19FF19,aucun,aucun,16,9228857579.24243,627133.487901413
17,17,2007,Ouest Ardèche,2025-01-30,2025-01-29,5,Particules PM10,PAS DE DEPASSEMENT,#19FF19,aucun,aucun,17,9228857579.24243,627133.487901413
18,18,2007,Ouest Ardèche,2025-03-26,2025-03-25,5,Particules PM10,PAS DE DEPASSEMENT,#19FF19,aucun,aucun,18,9228857579.24243,627133.487901413
19,19,2004,Contreforts Massif Central,2025-04-01,2025-03-31,8,Dioxyde d'azote,PAS DE DEPASSEMENT,#19FF19,aucun,aucun,19,8388510115.40869,768301.532436903
20,20,2004,Contreforts Massif Central,2025-04-01,2025-03-31,8,Dioxyde d'azote,PAS DE DEPASSEMENT,#19FF19,aucun,aucun,20,8388510115.40869,768301.532436903
21,21,2004,Contreforts Massif Central,2025-03-27,2025-03-26,7,Ozone,PAS DE DEPASSEMENT,#19FF19,aucun,aucun,21,8388510115.40869,768301.532436903
22,22,2004,Contreforts Massif Central,2025-03-28,2025-03-27,7,Ozone,PAS DE DEPASSEMENT,#19FF19,aucun,aucun,22,8388510115.40869,768301.532436903
23,23,2004,Contreforts Massif Central,2025-02-26,2025-02-25,5,Particules PM10,ALERTE SUR PERSISTANCE,#FFCE19,"Dimanche 14 janvier 2024, les conditions atmosphériques auront peu évolué avec la persistance de l'inversion de température. L'épisode en cours devrait atteindre son maximum d'intensité avec une augmentation des niveaux et une extension géographiqu","Dimanche 14 janvier 2024, les conditions atmosphériques auront peu évolué avec la persistance de l'inversion de température. L'épisode en cours devrait atteindre son maximum d'intensité avec une augmentation des niveaux et une extension géographiqu",23,8388510115.40869,768301.532436903
24,24,2004,Contreforts Massif Central,2025-01-24,2025-01-23,5,Particules PM10,ALERTE SUR PERSISTANCE,#FFCE19,"Dimanche 14 janvier 2024, les conditions atmosphériques auront peu évolué avec la persistance de l'inversion de température. L'épisode en cours devrait atteindre son maximum d'intensité avec une augmentation des niveaux et une extension géographiqu","Dimanche 14 janvier 2024, les conditions atmosphériques auront peu évolué avec la persistance de l'inversion de température. L'épisode en cours devrait atteindre son maximum d'intensité avec une augmentation des niveaux et une extension géographiqu",24,8388510115.40869,768301.532436903
25,25,2010,Vallée Maurienne Tarentaise,2025-03-22,2025-03-21,8,Dioxyde d'azote,PAS DE DEPASSEMENT,#19FF19,aucun,aucun,25,3351663776.77173,490196.968906176
26,26,2010,Vallée Maurienne Tarentaise,2025-04-07,2025-04-06,8,Dioxyde d'azote,PAS DE DEPASSEMENT,#19FF19,aucun,aucun,26,3351663776.77173,490196.968906176
27,27,2010,Vallée Maurienne Tarentaise,2025-03-17,2025-03-16,7,Ozone,PAS DE DEPASSEMENT,#19FF19,aucun,aucun,27,3351663776.77173,490196.968906176
28,28,2010,Vallée Maurienne Tarentaise,2025-02-09,2025-02-08,7,Ozone,PAS DE DEPASSEMENT,#19FF19,aucun,aucun,28,3351663776.77173,490196.968906176
29,29,2010,Vallée Maurienne Tarentaise,2025-03-11,2025-03-10,5,Particules PM10,PAS DE DEPASSEMENT,#19FF19,aucun,aucun,29,3351663776.77173,490196.968906176
30,30,2010,Vallée Maurienne Tarentaise,2025-04-02,2025-04-01,5,Particules PM10,PAS DE DEPASSEMENT,#19FF19,aucun,aucun,30,3351663776.77173,490196.968906176
31,31,2011,Zone des Coteaux,2025-03-22,2025-03-21,8,Dioxyde d'azote,PAS DE DEPASSEMENT,#19FF19,aucun,aucun,31,3633709063.09375,438041.830665852
32,32,2011,Zone des Coteaux,2025-01-22,2025-01-21,8,Dioxyde d'azote,PAS DE DEPASSEMENT,#19FF19,aucun,aucun,32,3633709063.09375,438041.830665852
33,33,2011,Zone des Coteaux,2025-01-18,2025-01-17,7,Ozone,PAS DE DEPASSEMENT,#19FF19,aucun,aucun,33,3633709063.09375,438041.830665852
34,34,2011,Zone des Coteaux,2025-03-05,2025-03-04,7,Ozone,PAS DE DEPASSEMENT,#19FF19,aucun,aucun,34,3633709063.09375,438041.830665852
35,35,2011,Zone des Coteaux,2025-04-05,2025-04-04,5,Particules PM10,ALERTE SUR PERSISTANCE,#FFCE19,"Dimanche 14 janvier 2024, les conditions atmosphériques auront peu évolué avec la persistance de l'inversion de température. L'épisode en cours devrait atteindre son maximum d'intensité avec une augmentation des niveaux et une extension géographiqu","Dimanche 14 janvier 2024, les conditions atmosphériques auront peu évolué avec la persistance de l'inversion de température. L'épisode en cours devrait atteindre son maximum d'intensité avec une augmentation des niveaux et une extension géographiqu",35,3633709063.09375,438041.830665852
36,36,2011,Zone des Coteaux,2025-01-27,2025-01-26,5,Particules PM10,ALERTE SUR PERSISTANCE,#FFCE19,"Dimanche 14 janvier 2024, les conditions atmosphériques auront peu évolué avec la persistance de l'inversion de température. L'épisode en cours devrait atteindre son maximum d'intensité avec une augmentation des niveaux et une extension géographiqu","Dimanche 14 janvier 2024, les conditions atmosphériques auront peu évolué avec la persistance de l'inversion de température. L'épisode en cours devrait atteindre son maximum d'intensité avec une augmentation des niveaux et une extension géographiqu",36,3633709063.09375,438041.830665852
37,37,2012,Zone urbaine des Pays de Savoie,2025-02-23,2025-02-22,8,Dioxyde d'azote,PAS DE DEPASSEMENT,#19FF19,aucun,aucun,37,2323738627.73462,527791.711691031
38,38,2012,Zone urbaine des Pays de Savoie,2025-02-28,2025-02-27,8,Dioxyde d'azote,PAS DE DEPASSEMENT,#19FF19,aucun,aucun,38,2323738627.73462,527791.711691031
39,39,2012,Zone urbaine des Pays de Savoie,2025-02-22,2025-02-21,7,Ozone,PAS DE DEPASSEMENT,#19FF19,aucun,aucun,39,2323738627.73462,527791.711691031
40,40,2012,Zone urbaine des Pays de Savoie,2025-03-02,2025-03-01,7,Ozone,PAS DE DEPASSEMENT,#19FF19,aucun,aucun,40,2323738627.73462,527791.711691031
41,41,2012,Zone urbaine des Pays de Savoie,2025-02-08,2025-02-07,5,Particules PM10,PAS DE DEPASSEMENT,#19FF19,aucun,aucun,41,2323738627.73462,527791.711691031
42,42,2012,Zone urbaine des Pays de Savoie,2025-02-14,2025-02-13,5,Particules PM10,PAS DE DEPASSEMENT,#19FF19,aucun,aucun,42,2323738627.73462,527791.711691031
43,43,2001,Bassin Lémanique,2025-01-19,2025-01-18,8,Dioxyde d'azote,PAS DE DEPASSEMENT,#19FF19,aucun,aucun,43,2519559257.61719,452886.445142051
44,44,2001,Bassin Lémanique,2025-02-02,2025-02-01,8,Dioxyde d'azote,PAS DE DEPASSEMENT,#19FF19,aucun,aucun,44,2519559257.61719,452886.445142051
45,45,2001,Bassin Lémanique,2025-03-22,2025-03-21,7,Ozone,PAS DE DEPASSEMENT,#19FF19,aucun,aucun,45,2519559257.61719,452886.445142051
46,46,2001,Bassin Lémanique,2025-01-23,2025-01-22,7,Ozone,PAS DE DEPASSEMENT,#19FF19,aucun,aucun,46,2519559257.61719,452886.445142051
47,47,2001,Bassin Lémanique,2025-03-21,2025-03-20,5,Particules PM10,PAS DE DEPASSEMENT,#19FF19,aucun,aucun,47,2519559257.61719,452886.445142051
48,48,2001,Bassin Lémanique,2025-01-17,2025-01-16,5,Particules PM10,PAS DE DEPASSEMENT,#19FF19,aucun,aucun,48,2519559257.61719,452886.445142051
49,49,2002,Bassin Stéphanois,2025-02-16,2025-02-15,8,Dioxyde d'azote,PAS DE DEPASSEMENT,#19FF19,aucun,aucun,49,1496149083.80103,221417.724698525
50,50,2002,Bassin Stéphanois,2025-03-10,2025-03-09,8,Dioxyde d'azote,PAS DE DEPASSEMENT,#19FF19,aucun,aucun,50,1496149083.80103,221417.724698525
51,51,2002,Bassin Stéphanois,2025-03-19,2025-03-18,7,Ozone,PAS DE DEPASSEMENT,#19FF19,aucun,aucun,51,1496149083.80103,221417.724698525
52,52,2002,Bassin Stéphanois,2025-02-06,2025-02-05,7,Ozone,PAS DE DEPASSEMENT,#19FF19,aucun,aucun,52,1496149083.80103,221417.724698525
53,53,2002,Bassin Stéphanois,2025-03-31,2025-03-30,5,Particules PM10,ALERTE SUR PERSISTANCE,#FFCE19,"Dimanche 14 janvier 2024, les conditions atmosphériques auront peu évolué avec la persistance de l'inversion de température. L'épisode en cours devrait atteindre son maximum d'intensité avec une augmentation des niveaux et une extension géographiqu","Dimanche 14 janvier 2024, les conditions atmosphériques auront peu évolué avec la persistance de l'inversion de température. L'épisode en cours devrait atteindre son maximum d'intensité avec une augmentation des niveaux et une extension géographiqu",53,1496149083.80103,221417.724698525
54,54,2002,Bassin Stéphanois,2025-04-01,2025-03-31,5,Particules PM10,ALERTE SUR PERSISTANCE,#FFCE19,"Dimanche 14 janvier 2024, les conditions atmosphériques auront peu évolué avec la persistance de l'inversion de température. L'épisode en cours devrait atteindre son maximum d'intensité avec une augmentation des niveaux et une extension géographiqu","Dimanche 14 janvier 2024, les conditions atmosphériques auront peu évolué avec la persistance de l'inversion de température. L'épisode en cours devrait atteindre son maximum d'intensité avec une augmentation des niveaux et une extension géographiqu",54,1496149083.80103,221417.724698525
55,55,2006,Ouest Ain,2025-02-16,2025-02-15,8,Dioxyde d'azote,PAS DE DEPASSEMENT,#19FF19,aucun,aucun,55,7304271428.8186,431225.777083065
56,56,2006,Ouest Ain,2025-02-08,2025-02-07,8,Dioxyde d'azote,PAS DE DEPASSEMENT,#19FF19,aucun,aucun,56,7304271428.8186,431225.777083065
57,57,2006,Ouest Ain,2025-02-24,2025-02-23,7,Ozone,PAS DE DEPASSEMENT,#19FF19,aucun,aucun,57,7304271428.8186,431225.777083065
58,58,2006,Ouest Ain,2025-02-25,2025-02-24,7,Ozone,PAS DE DEPASSEMENT,#19FF19,aucun,aucun,58,7304271428.8186,431225.777083065
59,59,2006,Ouest Ain,2025-01-26,2025-01-25,5,Particules PM10,ALERTE SUR PERSISTANCE,#FFCE19,"Dimanche 14 janvier 2024, les conditions atmosphériques auront peu évolué avec la persistance de l'inversion de température. L'épisode en cours devrait atteindre son maximum d'intensité avec une augmentation des niveaux et une extension géographiqu","Dimanche 14 janvier 2024, les conditions atmosphériques auront peu évolué avec la persistance de l'inversion de température. L'épisode en cours devrait atteindre son maximum d'intensité avec une augmentation des niveaux et une extension géographiqu",59,7304271428.8186,431225.777083065
60,60,2006,Ouest Ain,2025-03-05,2025-03-04,5,Particules PM10,ALERTE SUR PERSISTANCE,#FFCE19,"Dimanche 14 janvier 2024, les conditions atmosphériques auront peu évolué avec la persistance de l'inversion de température. L'épisode en cours devrait atteindre son maximum d'intensité avec une augmentation des niveaux et une extension géographiqu","Dimanche 14 janvier 2024, les conditions atmosphériques auront peu évolué avec la persistance de l'inversion de température. L'épisode en cours devrait atteindre son maximum d'intensité avec une augmentation des niveaux et une extension géographiqu",60,7304271428.8186,431225.777083065
61,61,2014,Zone Alpine Savoie,2025-04-09,2025-04-08,8,Dioxyde d'azote,PAS DE DEPASSEMENT,#19FF19,aucun,aucun,61,7855005319.5752,1147978.29816881
62,62,2014,Zone Alpine Savoie,2025-02-23,2025-02-22,8,Dioxyde d'azote,PAS DE DEPASSEMENT,#19FF19,aucun,aucun,62,7855005319.5752,1147978.29816881
63,63,2014,Zone Alpine Savoie,2025-03-11,2025-03-10,7,Ozone,PAS DE DEPASSEMENT,#19FF19,aucun,aucun,63,7855005319.5752,1147978.29816881
64,64,2014,Zone Alpine Savoie,2025-03-27,2025-03-26,7,Ozone,PAS DE DEPASSEMENT,#19FF19,aucun,aucun,64,7855005319.5752,1147978.29816881
65,65,2014,Zone Alpine Savoie,2025-04-02,2025-04-01,5,Particules PM10,PAS DE DEPASSEMENT,#19FF19,aucun,aucun,65,7855005319.5752,1147978.29816881
66,66,2014,Zone Alpine Savoie,2025-01-14,2025-01-13,5,Particules PM10,PAS DE DEPASSEMENT,#19FF19,aucun,aucun,66,7855005319.5752,1147978.29816881
67,67,2008,Vallée de l'Arve,2025-03-20,2025-03-19,8,Dioxyde d'azote,PAS DE DEPASSEMENT,#19FF19,aucun,aucun,67,2584846973.62964,342702.15685192
68,68,2008,Vallée de l'Arve,2025-03-24,2025-03-23,8,Dioxyde d'azote,PAS DE DEPASSEMENT,#19FF19,aucun,aucun,68,2584846973.62964,342702.15685192
69,69,2008,Vallée de l'Arve,2025-04-05,2025-04-04,7,Ozone,PAS DE DEPASSEMENT,#19FF19,aucun,aucun,69,2584846973.62964,342702.15685192
70,70,2008,Vallée de l'Arve,2025-01-24,2025-01-23,7,Ozone,PAS DE DEPASSEMENT,#19FF19,aucun,aucun,70,2584846973.62964,342702.15685192
71,71,2008,Vallée de l'Arve,2025-03-24,2025-03-23,5,Particules PM10,PAS DE DEPASSEMENT,#19FF19,aucun,aucun,71,2584846973.62964,342702.15685192
72,72,2008,Vallée de l'Arve,2025-02-28,2025-02-27,5,Particules PM10,PAS DE DEPASSEMENT,#19FF19,aucun,aucun,72,2584846973.62964,342702.15685192
73,73,2003,Bassin Lyon Nord-Isère,2025-03-13,2025-03-12,8,Dioxyde d'azote,PAS DE DEPASSEMENT,#19FF19,aucun,aucun,73,10020956140.5537,742502.888790182
74,74,2003,Bassin Lyon Nord-Isère,2025-04-06,2025-04-05,8,Dioxyde d'azote,PAS DE DEPASSEMENT,#19FF19,aucun,aucun,74,10020956140.5537,742502.888790182
75,75,2003,Bassin Lyon Nord-Isère,2025-01-28,2025-01-27,7,Ozone,PAS DE DEPASSEMENT,#19FF19,aucun,aucun,75,10020956140.5537,742502.888790182
76,76,2003,Bassin Lyon Nord-Isère,2025-01-24,2025-01-23,7,Ozone,PAS DE DEPASSEMENT,#19FF19,aucun,aucun,76,10020956140.5537,742502.888790182
77,77,2003,Bassin Lyon Nord-Isère,2025-03-24,2025-03-23,5,Particules PM10,ALERTE SUR PERSISTANCE,#FFCE19,"Dimanche 14 janvier 2024, les conditions atmosphériques auront peu évolué avec la persistance de l'inversion de température. L'épisode en cours devrait atteindre son maximum d'intensité avec une augmentation des niveaux et une extension géographiqu","Dimanche 14 janvier 2024, les conditions atmosphériques auront peu évolué avec la persistance de l'inversion de température. L'épisode en cours devrait atteindre son maximum d'intensité avec une augmentation des niveaux et une extension géographiqu",77,10020956140.5537,742502.888790182
78,78,2003,Bassin Lyon Nord-Isère,2025-02-20,2025-02-19,5,Particules PM10,ALERTE SUR PERSISTANCE,#FFCE19,"Dimanche 14 janvier 2024, les conditions atmosphériques auront peu évolué avec la persistance de l'inversion de température. L'épisode en cours devrait atteindre son maximum d'intensité avec une augmentation des niveaux et une extension géographiqu","Dimanche 14 janvier 2024, les conditions atmosphériques auront peu évolué avec la persistance de l'inversion de température. L'épisode en cours devrait atteindre son maximum d'intensité avec une augmentation des niveaux et une extension géographiqu",78,10020956140.5537,742502.888790182
79,79,2000,Bassin Grenoblois,2025-01-16,2025-01-15,8,Dioxyde d'azote,PAS DE DEPASSEMENT,#19FF19,aucun,aucun,79,1728482137.27905,400232.762903863
80,80,2000,Bassin Grenoblois,2025-01-14,2025-01-13,8,Dioxyde d'azote,PAS DE DEPASSEMENT,#19FF19,aucun,aucun,80,1728482137.27905,400232.762903863
81,81,2000,Bassin Grenoblois,2025-03-03,2025-03-02,7,Ozone,PAS DE DEPASSEMENT,#19FF19,aucun,aucun,81,1728482137.27905,400232.762903863
82,82,2000,Bassin Grenoblois,2025-04-02,2025-04-01,7,Ozone,PAS DE DEPASSEMENT,#19FF19,aucun,aucun,82,1728482137.27905,400232.762903863
83,83,2000,Bassin Grenoblois,2025-03-23,2025-03-22,5,Particules PM10,PAS DE DEPASSEMENT,#19FF19,aucun,aucun,83,1728482137.27905,400232.762903863
84,84,2000,Bassin Grenoblois,2025-03-09,2025-03-08,5,Particules PM10,PAS DE DEPASSEMENT,#19FF19,aucun,aucun,84,1728482137.27905,400232.762903863
85,85,2005,Est Drôme,2025-02-18,2025-02-17,8,Dioxyde d'azote,PAS DE DEPASSEMENT,#19FF19,aucun,aucun,85,7994865760.47021,625055.445346144
86,86,2005,Est Drôme,2025-01-30,2025-01-29,8,Dioxyde d'azote,PAS DE DEPASSEMENT,#19FF19,aucun,aucun,86,7994865760.47021,625055.445346144
87,87,2005,Est Drôme,2025-03-06,2025-03-05,7,Ozone,PAS DE DEPASSEMENT,#19FF19,aucun,aucun,87,7994865760.47021,625055.445346144
88,88,2005,Est Drôme,2025-03-27,2025-03-26,7,Ozone,PAS DE DEPASSEMENT,#19FF19,aucun,aucun,88,7994865760.47021,625055.445346144
89,89,2005,Est Drôme,2025-01-30,2025-01-29,5,Particules PM10,PAS DE DEPASSEMENT,#19FF19,aucun,aucun,89,7994865760.47021,625055.445346144
90,90,2005,Est Drôme,2025-01-15,2025-01-14,5,Particules PM10,PAS DE DEPASSEMENT,#19FF19,aucun,aucun,90,7994865760.47021,625055.445346144
91,91,2009,Vallée du Rhône,2025-02-08,2025-02-07,8,Dioxyde d'azote,PAS DE DEPASSEMENT,#19FF19,aucun,aucun,91,6760147455.34399,714147.276907234
92,92,2009,Vallée du Rhône,2025-03-14,2025-03-13,8,Dioxyde d'azote,PAS DE DEPASSEMENT,#19FF19,aucun,aucun,92,6760147455.34399,714147.276907234
93,93,2009,Vallée du Rhône,2025-03-22,2025-03-21,7,Ozone,PAS DE DEPASSEMENT,#19FF19,aucun,aucun,93,6760147455.34399,714147.276907234
94,94,2009,Vallée du Rhône,2025-02-16,2025-02-15,7,Ozone,PAS DE DEPASSEMENT,#19FF19,aucun,aucun,94,6760147455.34399,714147.276907234
95,95,2009,Vallée du Rhône,2025-03-06,2025-03-05,5,Particules PM10,INFORMATION ET RECOMMANDATION,#FEFE00,"Dimanche 14 janvier 2024, les conditions atmosphériques auront peu évolué avec la persistance de l'inversion de température. L'épisode en cours devrait atteindre son maximum d'intensité avec une augmentation des niveaux et une extension géographiqu","Dimanche 14 janvier 2024, les conditions atmosphériques auront peu évolué avec la persistance de l'inversion de température. L'épisode en cours devrait atteindre son maximum d'intensité avec une augmentation des niveaux et une extension géographiqu",95,6760147455.34399,714147.276907234
96,96,2009,Vallée du Rhône,2025-04-07,2025-04-06,5,Particules PM10,INFORMATION ET RECOMMANDATION,#FEFE00,"Dimanche 14 janvier 2024, les conditions atmosphériques auront peu évolué avec la persistance de l'inversion de température. L'épisode en cours devrait atteindre son maximum d'intensité avec une augmentation des niveaux et une extension géographiqu","Dimanche 14 janvier 2024, les conditions atmosphériques auront peu évolué avec la persistance de l'inversion de température. L'épisode en cours devrait atteindre son maximum d'intensité avec une augmentation des niveaux et une extension géographiqu",96,6760147455.34399,714147.276907234
97,97,2015,Zone Alpine Haute-Savoie,2025-02-01,2025-01-31,8,Dioxyde d'azote,PAS DE DEPASSEMENT,#19FF19,aucun,aucun,97,5028461384.83838,713618.552774131
98,98,2015,Zone Alpine Haute-Savoie,2025-01-19,2025-01-18,8,Dioxyde d'azote,PAS DE DEPASSEMENT,#19FF19,aucun,aucun,98,5028461384.83838,713618.552774131
99,99,2015,Zone Alpine Haute-Savoie,2025-03-17,2025-03-16,7,Ozone,PAS DE DEPASSEMENT,#19FF19,aucun,aucun,99,5028461384.83838,713618.552774131
100,100,2015,Zone Alpine Haute-Savoie,2025-02-01,2025-01-31,7,Ozone,PAS DE DEPASSEMENT,#19FF19,aucun,aucun,100,5028461384.83838,713618.552774131
101,101,2015,Zone Alpine Haute-Savoie,2025-01-29,2025-01-28,5,Particules PM10,PAS DE DEPASSEMENT,#19FF19,aucun,aucun,101,5028461384.83838,713618.552774131
102,102,2015,Zone Alpine Haute-Savoie,2025-02-16,2025-02-15,5,Particules PM10,PAS DE DEPASSEMENT,#19FF19,aucun,aucun,102,5028461384.83838,713618.552774131
103,103,2018,Puy-de-Dôme,2025-02-25,2025-02-24,8,Dioxyde d'azote,PAS DE DEPASSEMENT,#19FF19,aucun,aucun,103,16418574390.5728,676127.767219245
104,104,2018,Puy-de-Dôme,2025-01-25,2025-01-24,8,Dioxyde d'azote,PAS DE DEPASSEMENT,#19FF19,aucun,aucun,104,16418574390.5728,676127.767219245
105,105,2018,Puy-de-Dôme,2025-01-20,2025-01-19,7,Ozone,PAS DE DEPASSEMENT,#19FF19,aucun,aucun,105,16418574390.5728,676127.767219245
106,106,2018,Puy-de-Dôme,2025-03-20,2025-03-19,7,Ozone,PAS DE DEPASSEMENT,#19FF19,aucun,aucun,106,16418574390.5728,676127.767219245
107,107,2018,Puy-de-Dôme,2025-02-03,2025-02-02,5,Particules PM10,ALERTE SUR PERSISTANCE,#FFCE19,"Dimanche 14 janvier 2024, les conditions atmosphériques auront peu évolué avec la persistance de l'inversion de température. L'épisode en cours devrait atteindre son maximum d'intensité avec une augmentation des niveaux et une extension géographiqu","Dimanche 14 janvier 2024, les conditions atmosphériques auront peu évolué avec la persistance de l'inversion de température. L'épisode en cours devrait atteindre son maximum d'intensité avec une augmentation des niveaux et une extension géographiqu",107,16418574390.5728,676127.767219245
108,108,2018,Puy-de-Dôme,2025-03-02,2025-03-01,5,Particules PM10,ALERTE SUR PERSISTANCE,#FFCE19,"Dimanche 14 janvier 2024, les conditions atmosphériques auront peu évolué avec la persistance de l'inversion de température. L'épisode en cours devrait atteindre son maximum d'intensité avec une augmentation des niveaux et une extension géographiqu","Dimanche 14 janvier 2024, les conditions atmosphériques auront peu évolué avec la persistance de l'inversion de température. L'épisode en cours devrait atteindre son maximum d'intensité avec une augmentation des niveaux et une extension géographiqu",108,16418574390.5728,676127.767219245
109,109,2017,Haute-Loire,2025-02-05,2025-02-04,8,Dioxyde d'azote,PAS DE DEPASSEMENT,#19FF19,aucun,aucun,109,10065814383.6129,602626.69365192
110,110,2017,Haute-Loire,2025-01-27,2025-01-26,8,Dioxyde d'azote,PAS DE DEPASSEMENT,#19FF19,aucun,aucun,110,10065814383.6129,602626.69365192
111,111,2017,Haute-Loire,2025-03-28,2025-03-27,7,Ozone,PAS DE DEPASSEMENT,#19FF19,aucun,aucun,111,10065814383.6129,602626.69365192
112,112,2017,Haute-Loire,2025-03-24,2025-03-23,7,Ozone,PAS DE DEPASSEMENT,#19FF19,aucun,aucun,112,10065814383.6129,602626.69365192
113,113,2017,Haute-Loire,2025-01-15,2025-01-14,5,Particules PM10,PAS DE DEPASSEMENT,#19FF19,aucun,aucun,113,10065814383.6129,602626.69365192
114,114,2017,Haute-Loire,2025-04-07,2025-04-06,5,Particules PM10,PAS DE DEPASSEMENT,#19FF19,aucun,aucun,114,10065814383.6129,602626.69365192
115,115,2019,Cantal,2025-01-20,2025-01-19,8,Dioxyde d'azote,PAS DE DEPASSEMENT,#19FF19,aucun,aucun,115,11553081647.4812,681939.649883399
116,116,2019,Cantal,2025-02-05,2025-02-04,8,Dioxyde d'azote,PAS DE DEPASSEMENT,#19FF19,aucun,aucun,116,11553081647.4812,681939.649883399
117,117,2019,Cantal,2025-03-06,2025-03-05,7,Ozone,PAS DE DEPASSEMENT,#19FF19,aucun,aucun,117,11553081647.4812,681939.649883399
118,118,2019,Cantal,2025-03-21,2025-03-20,7,Ozone,PAS DE DEPASSEMENT,#19FF19,aucun,aucun,118,11553081647.4812,681939.649883399
119,119,2019,Cantal,2025-04-07,2025-04-06,5,Particules PM10,PAS DE DEPASSEMENT,#19FF19,aucun,aucun,119,11553081647.4812,681939.649883399
120,120,2019,Cantal,2025-01-28,2025-01-27,5,Particules PM10,PAS DE DEPASSEMENT,#19FF19,aucun,aucun,120,11553081647.4812,681939.649883399
121,121,2020,Allier,2025-01-20,2025-01-19,8,Dioxyde d'azote,PAS DE DEPASSEMENT,#19FF19,aucun,aucun,121,15511892321.8704,726675.483949669
122,122,2020,Allier,2025-02-06,2025-02-05,8,Dioxyde d'azote,PAS DE DEPASSEMENT,#19FF19,aucun,aucun,122,15511892321.8704,726675.483949669
123,123,2020,Allier,2025-03-30,2025-03-29,7,Ozone,PAS DE DEPASSEMENT,#19FF19,aucun,aucun,123,15511892321.8704,726675.483949669
124,124,2020,Allier,2025-04-06,2025-04-05,7,Ozone,PAS DE DEPASSEMENT,#19FF19,aucun,aucun,124,15511892321.8704,726675.483949669
125,125,2020,Allier,2025-03-05,2025-03-04,5,Particules PM10,PAS DE DEPASSEMENT,#19FF19,aucun,aucun,125,15511892321.8704,726675.483949669
126,126,2020,Allier,2025-01-27,2025-01-26,5,Particules PM10,PAS DE DEPASSEMENT,#19FF19,aucun,aucun,126,15511892321.8704,726675.483949669
127,127,2016,Zone Alpine Ain,2025-02-11,2025-02-10,8,Dioxyde d'azote,PAS DE DEPASSEMENT,#19FF19,aucun,aucun,127,3359408044.19214,346225.361125245
128,128,2016,Zone Alpine Ain,2025-02-25,2025-02-24,8,Dioxyde d'azote,PAS DE DEPASSEMENT,#19FF19,aucun,aucun,128,3359408044.19214,346225.361125245
129,129,2016,Zone Alpine Ain,2025-01-14,2025-01-13,7,Ozone,PAS DE DEPASSEMENT,#19FF19,aucun,aucun,129,3359408044.19214,346225.361125245
130,130,2016,Zone Alpine Ain,2025-03-11,2025-03-10,7,Ozone,PAS DE DEPASSEMENT,#19FF19,aucun,aucun,130,3359408044.19214,346225.361125245
131,131,2016,Zone Alpine Ain,2025-01-28,2025-01-27,5,Particules PM10,PAS DE DEPASSEMENT,#19FF19,aucun,aucun,131,3359408044.19214,346225.361125245
132,132,2016,Zone Alpine Ain,2025-03-02,2025-03-01,5,Particules PM10,PAS DE DEPASSEMENT,#19FF19,aucun,aucun,132,3359408044.19214,346225.361125245
133,133,2013,Zone Alpine Isère,2025-03-23,2025-03-22,8,Dioxyde d'azote,PAS DE DEPASSEMENT,#19FF19,aucun,aucun,133,7206588787.80615,781821.320976567
134,134,2013,Zone Alpine Isère,2025-01-26,2025-01-25,8,Dioxyde d'azote,PAS DE DEPASSEMENT,#19FF19,aucun,aucun,134,7206588787.80615,781821.320976567
135,135,2013,Zone Alpine Isère,2025-03-08,2025-03-07,7,Ozone,PAS DE DEPASSEMENT,#19FF19,aucun,aucun,135,7206588787.80615,781821.320976567
136,136,2013,Zone Alpine Isère,2025-02-06,2025-02-05,7,Ozone,PAS DE DEPASSEMENT,#19FF19,aucun,aucun,136,7206588787.80615,781821.320976567
137,137,2013,Zone Alpine Isère,2025-04-03,2025-04-02,5,Particules PM10,PAS DE DEPASSEMENT,#19FF19,aucun,aucun,137,7206588787.80615,781821.320976567
138,138,2013,Zone Alpine Isère,2025-02-22,2025-02-21,5,Particules PM10,PAS DE DEPASSEMENT,#19FF19,aucun,aucun,138,7206588787.80615,781821.320976567
139,139,2007,Ouest Ardèche,2025-01-22,2025-01-21,8,Dioxyde d'azote,PAS DE DEPASSEMENT,#19FF19,aucun,aucun,139,9228857579.24243,627133.487901413
140,140,2007,Ouest Ardèche,2025-02-15,2025-02-14,8,Dioxyde d'azote,PAS DE DEPASSEMENT,#19FF19,aucun,aucun,140,9228857579.24243,627133.487901413
141,141,2007,Ouest Ardèche,2025-02-16,2025-02-15,7,Ozone,PAS DE DEPASSEMENT,#19FF19,aucun,aucun,141,9228857579.24243,627133.487901413
142,142,2007,Ouest Ardèche,2025-02-27,2025-02-26,7,Ozone,PAS DE DEPASSEMENT,#19FF19,aucun,aucun,142,9228857579.24243,627133.487901413
143,143,2007,Ouest Ardèche,2025-01-20,2025-01-19,5,Particules PM10,PAS DE DEPASSEMENT,#19FF19,aucun,aucun,143,9228857579.24243,627133.487901413
144,144,2007,Ouest Ardèche,2025-02-17,2025-02-16,5,Particules PM10,PAS DE DEPASSEMENT,#19FF19,aucun,aucun,144,9228857579.24243,627133.487901413
145,145,2004,Contreforts Massif Central,2025-04-09,2025-04-08,8,Dioxyde d'azote,PAS DE DEPASSEMENT,#19FF19,aucun,aucun,145,8388510115.40869,768301.532436903
146,146,2004,Contreforts Massif Central,2025-02-04,2025-02-03,8,Dioxyde d'azote,PAS DE DEPASSEMENT,#19FF19,aucun,aucun,146,8388510115.40869,768301.532436903
147,147,2004,Contreforts Massif Central,2025-02-20,2025-02-19,7,Ozone,PAS DE DEPASSEMENT,#19FF19,aucun,aucun,147,8388510115.40869,768301.532436903
148,148,2004,Contreforts Massif Central,2025-01-17,2025-01-16,7,Ozone,PAS DE DEPASSEMENT,#19FF19,aucun,aucun,148,8388510115.40869,768301.532436903
149,149,2004,Contreforts Massif Central,2025-01-25,2025-01-24,5,Particules PM10,PAS DE DEPASSEMENT,#19FF19,aucun,aucun,149,8388510115.40869,768301.532436903
150,150,2004,Contreforts Massif Central,2025-02-01,2025-01-31,5,Particules PM10,PAS DE DEPASSEMENT,#19FF19,aucun,aucun,150,8388510115.40869,768301.532436903
151,151,2010,Vallée Maurienne Tarentaise,2025-02-16,2025-02-15,8,Dioxyde d'azote,PAS DE DEPASSEMENT,#19FF19,aucun,aucun,151,3351663776.77173,490196.968906176
152,152,2010,Vallée Maurienne Tarentaise,2025-03-17,2025-03-16,8,Dioxyde d'azote,PAS DE DEPASSEMENT,#19FF19,aucun,aucun,152,3351663776.77173,490196.968906176
153,153,2010,Vallée Maurienne Tarentaise,2025-03-30,2025-03-29,7,Ozone,PAS DE DEPASSEMENT,#19FF19,aucun,aucun,153,3351663776.77173,490196.968906176
154,154,2010,Vallée Maurienne Tarentaise,2025-02-21,2025-02-20,7,Ozone,PAS DE DEPASSEMENT,#19FF19,aucun,aucun,154,3351663776.77173,490196.968906176
155,155,2010,Vallée Maurienne Tarentaise,2025-03-17,2025-03-16,5,Particules PM10,PAS DE DEPASSEMENT,#19FF19,aucun,aucun,155,3351663776.77173,490196.968906176
156,156,2010,Vallée Maurienne Tarentaise,2025-02-16,2025-02-15,5,Particules PM10,PAS DE DEPASSEMENT,#19FF19,aucun,aucun,156,3351663776.77173,490196.968906176
157,157,2011,Zone des Coteaux,2025-04-06,2025-04-05,8,Dioxyde d'azote,PAS DE DEPASSEMENT,#19FF19,aucun,aucun,157,3633709063.09375,438041.830665852
158,158,2011,Zone des Coteaux,2025-03-27,2025-03-26,8,Dioxyde d'azote,PAS DE DEPASSEMENT,#19FF19,aucun,aucun,158,3633709063.09375,438041.830665852
159,159,2011,Zone des Coteaux,2025-03-26,2025-03-25,7,Ozone,PAS DE DEPASSEMENT,#19FF19,aucun,aucun,159,3633709063.09375,438041.830665852
160,160,2011,Zone des Coteaux,2025-03-02,2025-03-01,7,Ozone,PAS DE DEPASSEMENT,#19FF19,aucun,aucun,160,3633709063.09375,438041.830665852
161,161,2011,Zone des Coteaux,2025-01-17,2025-01-16,5,Particules PM10,PAS DE DEPASSEMENT,#19FF19,aucun,aucun,161,3633709063.09375,438041.830665852
162,162,2011,Zone des Coteaux,2025-03-23,2025-03-22,5,Particules PM10,PAS DE DEPASSEMENT,#19FF19,aucun,aucun,162,3633709063.09375,438041.830665852
163,163,2012,Zone urbaine des Pays de Savoie,2025-01-25,2025-01-24,8,Dioxyde d'azote,PAS DE DEPASSEMENT,#19FF19,aucun,aucun,163,2323738627.73462,527791.711691031
164,164,2012,Zone urbaine des Pays de Savoie,2025-01-21,2025-01-20,8,Dioxyde d'azote,PAS DE DEPASSEMENT,#19FF19,aucun,aucun,164,2323738627.73462,527791.711691031
165,165,2012,Zone urbaine des Pays de Savoie,2025-02-28,2025-02-27,7,Ozone,PAS DE DEPASSEMENT,#19FF19,aucun,aucun,165,2323738627.73462,527791.711691031
166,166,2012,Zone urbaine des Pays de Savoie,2025-02-10,2025-02-09,7,Ozone,PAS DE DEPASSEMENT,#19FF19,aucun,aucun,166,2323738627.73462,527791.711691031
167,167,2012,Zone urbaine des Pays de Savoie,2025-04-01,2025-03-31,5,Particules PM10,PAS DE DEPASSEMENT,#19FF19,aucun,aucun,167,2323738627.73462,527791.711691031
168,168,2012,Zone urbaine des Pays de Savoie,2025-02-22,2025-02-21,5,Particules PM10,PAS DE DEPASSEMENT,#19FF19,aucun,aucun,168,2323738627.73462,527791.711691031
169,169,2001,Bassin Lémanique,2025-01-23,2025-01-22,8,Dioxyde d'azote,PAS DE DEPASSEMENT,#19FF19,aucun,aucun,169,2519559257.61719,452886.445142051
170,170,2001,Bassin Lémanique,2025-02-21,2025-02-20,8,Dioxyde d'azote,PAS DE DEPASSEMENT,#19FF19,aucun,aucun,170,2519559257.61719,452886.445142051
171,171,2001,Bassin Lémanique,2025-03-31,2025-03-30,7,Ozone,PAS DE DEPASSEMENT,#19FF19,aucun,aucun,171,2519559257.61719,452886.445142051
172,172,2001,Bassin Lémanique,2025-02-16,2025-02-15,7,Ozone,PAS DE DEPASSEMENT,#19FF19,aucun,aucun,172,2519559257.61719,452886.445142051
173,173,2001,Bassin Lémanique,2025-03-23,2025-03-22,5,Particules PM10,PAS DE DEPASSEMENT,#19FF19,aucun,aucun,173,2519559257.61719,452886.445142051
174,174,2001,Bassin Lémanique,2025-03-22,2025-03-21,5,Particules PM10,PAS DE DEPASSEMENT,#19FF19,aucun,aucun,174,2519559257.61719,452886.445142051
175,175,2002,Bassin Stéphanois,2025-02-26,2025-02-25,8,Dioxyde d'azote,PAS DE DEPASSEMENT,#19FF19,aucun,aucun,175,1496149083.80103,221417.724698525
176,176,2002,Bassin Stéphanois,2025-01-27,2025-01-26,8,Dioxyde d'azote,PAS DE DEPASSEMENT,#19FF19,aucun,aucun,176,1496149083.80103,221417.724698525
177,177,2002,Bassin Stéphanois,2025-02-16,2025-02-15,7,Ozone,PAS DE DEPASSEMENT,#19FF19,aucun,aucun,177,1496149083.80103,221417.724698525
178,178,2002,Bassin Stéphanois,2025-03-16,2025-03-15,7,Ozone,PAS DE DEPASSEMENT,#19FF19,aucun,aucun,178,1496149083.80103,221417.724698525
179,179,2002,Bassin Stéphanois,2025-02-07,2025-02-06,5,Particules PM10,PAS DE DEPASSEMENT,#19FF19,aucun,aucun,179,1496149083.80103,221417.724698525
180,180,2002,Bassin Stéphanois,2025-02-19,2025-02-18,5,Particules PM10,PAS DE DEPASSEMENT,#19FF19,aucun,aucun,180,1496149083.80103,221417.724698525
181,181,2006,Ouest Ain,2025-01-24,2025-01-23,8,Dioxyde d'azote,PAS DE DEPASSEMENT,#19FF19,aucun,aucun,181,7304271428.8186,431225.777083065
182,182,2006,Ouest Ain,2025-03-01,2025-02-28,8,Dioxyde d'azote,PAS DE DEPASSEMENT,#19FF19,aucun,aucun,182,7304271428.8186,431225.777083065
183,183,2006,Ouest Ain,2025-01-13,2025-01-12,7,Ozone,PAS DE DEPASSEMENT,#19FF19,aucun,aucun,183,7304271428.8186,431225.777083065
184,184,2006,Ouest Ain,2025-03-12,2025-03-11,7,Ozone,PAS DE DEPASSEMENT,#19FF19,aucun,aucun,184,7304271428.8186,431225.777083065
185,185,2006,Ouest Ain,2025-01-16,2025-01-15,5,Particules PM10,PAS DE DEPASSEMENT,#19FF19,aucun,aucun,185,7304271428.8186,431225.777083065
186,186,2006,Ouest Ain,2025-02-19,2025-02-18,5,Particules PM10,PAS DE DEPASSEMENT,#19FF19,aucun,aucun,186,7304271428.8186,431225.777083065
187,187,2014,Zone Alpine Savoie,2025-02-26,2025-02-25,8,Dioxyde d'azote,PAS DE DEPASSEMENT,#19FF19,aucun,aucun,187,7855005319.5752,1147978.29816881
188,188,2014,Zone Alpine Savoie,2025-02-21,2025-02-20,8,Dioxyde d'azote,PAS DE DEPASSEMENT,#19FF19,aucun,aucun,188,7855005319.5752,1147978.29816881
189,189,2014,Zone Alpine Savoie,2025-04-09,2025-04-08,7,Ozone,PAS DE DEPASSEMENT,#19FF19,aucun,aucun,189,7855005319.5752,1147978.29816881
190,190,2014,Zone Alpine Savoie,2025-02-09,2025-02-08,7,Ozone,PAS DE DEPASSEMENT,#19FF19,aucun,aucun,190,7855005319.5752,1147978.29816881
191,191,2014,Zone Alpine Savoie,2025-01-23,2025-01-22,5,Particules PM10,PAS DE DEPASSEMENT,#19FF19,aucun,aucun,191,7855005319.5752,1147978.29816881
192,192,2014,Zone Alpine Savoie,2025-01-28,2025-01-27,5,Particules PM10,PAS DE DEPASSEMENT,#19FF19,aucun,aucun,192,7855005319.5752,1147978.29816881
193,193,2008,Vallée de l'Arve,2025-02-10,2025-02-09,8,Dioxyde d'azote,PAS DE DEPASSEMENT,#19FF19,aucun,aucun,193,2584846973.62964,342702.15685192
194,194,2008,Vallée de l'Arve,2025-03-21,2025-03-20,8,Dioxyde d'azote,PAS DE DEPASSEMENT,#19FF19,aucun,aucun,194,2584846973.62964,342702.15685192
195,195,2008,Vallée de l'Arve,2025-01-26,2025-01-25,7,Ozone,PAS DE DEPASSEMENT,#19FF19,aucun,aucun,195,2584846973.62964,342702.15685192
196,196,2008,Vallée de l'Arve,2025-02-25,2025-02-24,7,Ozone,PAS DE DEPASSEMENT,#19FF19,aucun,aucun,196,2584846973.62964,342702.15685192
197,197,2008,Vallée de l'Arve,2025-04-09,2025-04-08,5,Particules PM10,PAS DE DEPASSEMENT,#19FF19,aucun,aucun,197,2584846973.62964,342702.15685192
198,198,2008,Vallée de l'Arve,2025-03-05,2025-03-04,5,Particules PM10,PAS DE DEPASSEMENT,#19FF19,aucun,aucun,198,2584846973.62964,342702.15685192
199,199,2003,Bassin Lyon Nord-Isère,2025-03-09,2025-03-08,8,Dioxyde d'azote,PAS DE DEPASSEMENT,#19FF19,aucun,aucun,199,10020956140.5537,742502.888790182
200,200,2003,Bassin Lyon Nord-Isère,2025-03-31,2025-03-30,8,Dioxyde d'azote,PAS DE DEPASSEMENT,#19FF19,aucun,aucun,200,10020956140.5537,742502.888790182
201,201,2003,Bassin Lyon Nord-Isère,2025-02-08,2025-02-07,7,Ozone,PAS DE DEPASSEMENT,#19FF19,aucun,aucun,201,10020956140.5537,742502.888790182
202,202,2003,Bassin Lyon Nord-Isère,2025-02-19,2025-02-18,7,Ozone,PAS DE DEPASSEMENT,#19FF19,aucun,aucun,202,10020956140.5537,742502.888790182
203,203,2003,Bassin Lyon Nord-Isère,2025-01-22,2025-01-21,5,Particules PM10,ALERTE SUR PERSISTANCE,#FFCE19,"Lundi 15 janvier 2024, les niveaux de particules restent élevés dans le bassin lyonnais Nord Isère. La perturbation peu active qui circule sur le Nord de la région est accompagnée de faibles précipitations qui ne permettent pas un lessivage efficace","Lundi 15 janvier 2024, les niveaux de particules restent élevés dans le bassin lyonnais Nord Isère. La perturbation peu active qui circule sur le Nord de la région est accompagnée de faibles précipitations qui ne permettent pas un lessivage efficace",203,10020956140.5537,742502.888790182
204,204,2003,Bassin Lyon Nord-Isère,2025-02-23,2025-02-22,5,Particules PM10,ALERTE SUR PERSISTANCE,#FFCE19,"Lundi 15 janvier 2024, les niveaux de particules restent élevés dans le bassin lyonnais Nord Isère. La perturbation peu active qui circule sur le Nord de la région est accompagnée de faibles précipitations qui ne permettent pas un lessivage efficace","Lundi 15 janvier 2024, les niveaux de particules restent élevés dans le bassin lyonnais Nord Isère. La perturbation peu active qui circule sur le Nord de la région est accompagnée de faibles précipitations qui ne permettent pas un lessivage efficace",204,10020956140.5537,742502.888790182
205,205,2000,Bassin Grenoblois,2025-01-24,2025-01-23,8,Dioxyde d'azote,PAS DE DEPASSEMENT,#19FF19,aucun,aucun,205,1728482137.27905,400232.762903863
206,206,2000,Bassin Grenoblois,2025-04-01,2025-03-31,8,Dioxyde d'azote,PAS DE DEPASSEMENT,#19FF19,aucun,aucun,206,1728482137.27905,400232.762903863
207,207,2000,Bassin Grenoblois,2025-02-08,2025-02-07,7,Ozone,PAS DE DEPASSEMENT,#19FF19,aucun,aucun,207,1728482137.27905,400232.762903863
208,208,2000,Bassin Grenoblois,2025-02-22,2025-02-21,7,Ozone,PAS DE DEPASSEMENT,#19FF19,aucun,aucun,208,1728482137.27905,400232.762903863
209,209,2000,Bassin Grenoblois,2025-02-18,2025-02-17,5,Particules PM10,PAS DE DEPASSEMENT,#19FF19,aucun,aucun,209,1728482137.27905,400232.762903863
210,210,2000,Bassin Grenoblois,2025-02-14,2025-02-13,5,Particules PM10,PAS DE DEPASSEMENT,#19FF19,aucun,aucun,210,1728482137.27905,400232.762903863
211,211,2005,Est Drôme,2025-01-15,2025-01-14,8,Dioxyde d'azote,PAS DE DEPASSEMENT,#19FF19,aucun,aucun,211,7994865760.47021,625055.445346144
212,212,2005,Est Drôme,2025-04-01,2025-03-31,8,Dioxyde d'azote,PAS DE DEPASSEMENT,#19FF19,aucun,aucun,212,7994865760.47021,625055.445346144
213,213,2005,Est Drôme,2025-01-20,2025-01-19,7,Ozone,PAS DE DEPASSEMENT,#19FF19,aucun,aucun,213,7994865760.47021,625055.445346144
214,214,2005,Est Drôme,2025-02-08,2025-02-07,7,Ozone,PAS DE DEPASSEMENT,#19FF19,aucun,aucun,214,7994865760.47021,625055.445346144
215,215,2005,Est Drôme,2025-03-27,2025-03-26,5,Particules PM10,PAS DE DEPASSEMENT,#19FF19,aucun,aucun,215,7994865760.47021,625055.445346144
216,216,2005,Est Drôme,2025-03-09,2025-03-08,5,Particules PM10,PAS DE DEPASSEMENT,#19FF19,aucun,aucun,216,7994865760.47021,625055.445346144
217,217,2009,Vallée du Rhône,2025-03-16,2025-03-15,8,Dioxyde d'azote,PAS DE DEPASSEMENT,#19FF19,aucun,aucun,217,6760147455.34399,714147.276907234
218,218,2009,Vallée du Rhône,2025-03-02,2025-03-01,8,Dioxyde d'azote,PAS DE DEPASSEMENT,#19FF19,aucun,aucun,218,6760147455.34399,714147.276907234
219,219,2009,Vallée du Rhône,2025-01-15,2025-01-14,7,Ozone,PAS DE DEPASSEMENT,#19FF19,aucun,aucun,219,6760147455.34399,714147.276907234
220,220,2009,Vallée du Rhône,2025-02-06,2025-02-05,7,Ozone,PAS DE DEPASSEMENT,#19FF19,aucun,aucun,220,6760147455.34399,714147.276907234
221,221,2009,Vallée du Rhône,2025-01-18,2025-01-17,5,Particules PM10,PAS DE DEPASSEMENT,#19FF19,aucun,aucun,221,6760147455.34399,714147.276907234
222,222,2009,Vallée du Rhône,2025-03-11,2025-03-10,5,Particules PM10,PAS DE DEPASSEMENT,#19FF19,aucun,aucun,222,6760147455.34399,714147.276907234
223,223,2015,Zone Alpine Haute-Savoie,2025-03-22,2025-03-21,8,Dioxyde d'azote,PAS DE DEPASSEMENT,#19FF19,aucun,aucun,223,5028461384.83838,713618.552774131
224,224,2015,Zone Alpine Haute-Savoie,2025-03-21,2025-03-20,8,Dioxyde d'azote,PAS DE DEPASSEMENT,#19FF19,aucun,aucun,224,5028461384.83838,713618.552774131
225,225,2015,Zone Alpine Haute-Savoie,2025-03-31,2025-03-30,7,Ozone,PAS DE DEPASSEMENT,#19FF19,aucun,aucun,225,5028461384.83838,713618.552774131
226,226,2015,Zone Alpine Haute-Savoie,2025-01-24,2025-01-23,7,Ozone,PAS DE DEPASSEMENT,#19FF19,aucun,aucun,226,5028461384.83838,713618.552774131
227,227,2015,Zone Alpine Haute-Savoie,2025-04-03,2025-04-02,5,Particules PM10,PAS DE DEPASSEMENT,#19FF19,aucun,aucun,227,5028461384.83838,713618.552774131
228,228,2015,Zone Alpine Haute-Savoie,2025-04-07,2025-04-06,5,Particules PM10,PAS DE DEPASSEMENT,#19FF19,aucun,aucun,228,5028461384.83838,713618.552774131
229,229,2018,Puy-de-Dôme,2025-01-29,2025-01-28,8,Dioxyde d'azote,PAS DE DEPASSEMENT,#19FF19,aucun,aucun,229,16418574390.5728,676127.767219245
230,230,2018,Puy-de-Dôme,2025-01-30,2025-01-29,8,Dioxyde d'azote,PAS DE DEPASSEMENT,#19FF19,aucun,aucun,230,16418574390.5728,676127.767219245
231,231,2018,Puy-de-Dôme,2025-02-03,2025-02-02,7,Ozone,PAS DE DEPASSEMENT,#19FF19,aucun,aucun,231,16418574390.5728,676127.767219245
232,232,2018,Puy-de-Dôme,2025-04-07,2025-04-06,7,Ozone,PAS DE DEPASSEMENT,#19FF19,aucun,aucun,232,16418574390.5728,676127.767219245
233,233,2018,Puy-de-Dôme,2025-03-28,2025-03-27,5,Particules PM10,PAS DE DEPASSEMENT,#19FF19,aucun,aucun,233,16418574390.5728,676127.767219245
234,234,2018,Puy-de-Dôme,2025-03-06,2025-03-05,5,Particules PM10,PAS DE DEPASSEMENT,#19FF19,aucun,aucun,234,16418574390.5728,676127.767219245
235,235,2017,Haute-Loire,2025-03-21,2025-03-20,8,Dioxyde d'azote,PAS DE DEPASSEMENT,#19FF19,aucun,aucun,235,10065814383.6129,602626.69365192
236,236,2017,Haute-Loire,2025-03-07,2025-03-06,8,Dioxyde d'azote,PAS DE DEPASSEMENT,#19FF19,aucun,aucun,236,10065814383.6129,602626.69365192
237,237,2017,Haute-Loire,2025-01-20,2025-01-19,7,Ozone,PAS DE DEPASSEMENT,#19FF19,aucun,aucun,237,10065814383.6129,602626.69365192
238,238,2017,Haute-Loire,2025-02-20,2025-02-19,7,Ozone,PAS DE DEPASSEMENT,#19FF19,aucun,aucun,238,10065814383.6129,602626.69365192
239,239,2017,Haute-Loire,2025-01-19,2025-01-18,5,Particules PM10,PAS DE DEPASSEMENT,#19FF19,aucun,aucun,239,10065814383.6129,602626.69365192
240,240,2017,Haute-Loire,2025-01-15,2025-01-14,5,Particules PM10,PAS DE DEPASSEMENT,#19FF19,aucun,aucun,240,10065814383.6129,602626.69365192
241,241,2019,Cantal,2025-02-12,2025-02-11,8,Dioxyde d'azote,PAS DE DEPASSEMENT,#19FF19,aucun,aucun,241,11553081647.4812,681939.649883399
242,242,2019,Cantal,2025-03-06,2025-03-05,8,Dioxyde d'azote,PAS DE DEPASSEMENT,#19FF19,aucun,aucun,242,11553081647.4812,681939.649883399
243,243,2019,Cantal,2025-02-24,2025-02-23,7,Ozone,PAS DE DEPASSEMENT,#19FF19,aucun,aucun,243,11553081647.4812,681939.649883399
244,244,2019,Cantal,2025-03-05,2025-03-04,7,Ozone,PAS DE DEPASSEMENT,#19FF19,aucun,aucun,244,11553081647.4812,681939.649883399
245,245,2019,Cantal,2025-02-28,2025-02-27,5,Particules PM10,PAS DE DEPASSEMENT,#19FF19,aucun,aucun,245,11553081647.4812,681939.649883399
246,246,2019,Cantal,2025-04-02,2025-04-01,5,Particules PM10,PAS DE DEPASSEMENT,#19FF19,aucun,aucun,246,11553081647.4812,681939.649883399
247,247,2020,Allier,2025-03-13,2025-03-12,8,Dioxyde d'azote,PAS DE DEPASSEMENT,#19FF19,aucun,aucun,247,15511892321.8704,726675.483949669
248,248,2020,Allier,2025-03-19,2025-03-18,8,Dioxyde d'azote,PAS DE DEPASSEMENT,#19FF19,aucun,aucun,248,15511892321.8704,726675.483949669
249,249,2020,Allier,2025-02-27,2025-02-26,7,Ozone,PAS DE DEPASSEMENT,#19FF19,aucun,aucun,249,15511892321.8704,726675.483949669
250,250,2020,Allier,2025-03-19,2025-03-18,7,Ozone,PAS DE DEPASSEMENT,#19FF19,aucun,aucun,250,15511892321.8704,726675.483949669
251,251,2020,Allier,2025-03-16,2025-03-15,5,Particules PM10,PAS DE DEPASSEMENT,#19FF19,aucun,aucun,251,15511892321.8704,726675.483949669
252,252,2020,Allier,2025-01-21,2025-01-20,5,Particules PM10,PAS DE DEPASSEMENT,#19FF19,aucun,aucun,252,15511892321.8704,726675.483949669
253,253,2016,Zone Alpine Ain,2025-03-24,2025-03-23,8,Dioxyde d'azote,PAS DE DEPASSEMENT,#19FF19,aucun,aucun,253,3359408044.19214,346225.361125245
254,254,2016,Zone Alpine Ain,2025-01-28,2025-01-27,8,Dioxyde d'azote,PAS DE DEPASSEMENT,#19FF19,aucun,aucun,254,3359408044.19214,346225.361125245
255,255,2016,Zone Alpine Ain,2025-02-26,2025-02-25,7,Ozone,PAS DE DEPASSEMENT,#19FF19,aucun,aucun,255,3359408044.19214,346225.361125245
256,256,2016,Zone Alpine Ain,2025-03-22,2025-03-21,7,Ozone,PAS DE DEPASSEMENT,#19FF19,aucun,aucun,256,3359408044.19214,346225.361125245
257,257,2016,Zone Alpine Ain,2025-01-14,2025-01-13,5,Particules PM10,PAS DE DEPASSEMENT,#19FF19,aucun,aucun,257,3359408044.19214,346225.361125245
258,258,2016,Zone Alpine Ain,2025-02-15,2025-02-14,5,Particules PM10,PAS DE DEPASSEMENT,#19FF19,aucun,aucun,258,3359408044.19214,346225.361125245
259,259,2013,Zone Alpine Isère,2025-03-21,2025-03-20,8,Dioxyde d'azote,PAS DE DEPASSEMENT,#19FF19,aucun,aucun,259,7206588787.80615,781821.320976567
260,260,2013,Zone Alpine Isère,2025-03-28,2025-03-27,8,Dioxyde d'azote,PAS DE DEPASSEMENT,#19FF19,aucun,aucun,260,7206588787.80615,781821.320976567
261,261,2013,Zone Alpine Isère,2025-03-24,2025-03-23,7,Ozone,PAS DE DEPASSEMENT,#19FF19,aucun,aucun,261,7206588787.80615,781821.320976567
262,262,2013,Zone Alpine Isère,2025-02-06,2025-02-05,7,Ozone,PAS DE DEPASSEMENT,#19FF19,aucun,aucun,262,7206588787.80615,781821.320976567
263,263,2013,Zone Alpine Isère,2025-03-30,2025-03-29,5,Particules PM10,PAS DE DEPASSEMENT,#19FF19,aucun,aucun,263,7206588787.80615,781821.320976567
264,264,2013,Zone Alpine Isère,2025-01-24,2025-01-23,5,Particules PM10,PAS DE DEPASSEMENT,#19FF19,aucun,aucun,264,7206588787.80615,781821.320976567
265,265,2007,Ouest Ardèche,2025-01-21,2025-01-20,8,Dioxyde d'azote,PAS DE DEPASSEMENT,#19FF19,aucun,aucun,265,9228857579.24243,627133.487901413
266,266,2007,Ouest Ardèche,2025-02-26,2025-02-25,8,Dioxyde d'azote,PAS DE DEPASSEMENT,#19FF19,aucun,aucun,266,9228857579.24243,627133.487901413
267,267,2007,Ouest Ardèche,2025-01-15,2025-01-14,7,Ozone,PAS DE DEPASSEMENT,#19FF19,aucun,aucun,267,9228857579.24243,627133.487901413
268,268,2007,Ouest Ardèche,2025-02-17,2025-02-16,7,Ozone,PAS DE DEPASSEMENT,#19FF19,aucun,aucun,268,9228857579.24243,627133.487901413
269,269,2007,Ouest Ardèche,2025-03-09,2025-03-08,5,Particules PM10,PAS DE DEPASSEMENT,#19FF19,aucun,aucun,269,9228857579.24243,627133.487901413
270,270,2007,Ouest Ardèche,2025-01-29,2025-01-28,5,Particules PM10,PAS DE DEPASSEMENT,#19FF19,aucun,aucun,270,9228857579.24243,627133.487901413
271,271,2004,Contreforts Massif Central,2025-02-03,2025-02-02,8,Dioxyde d'azote,PAS DE DEPASSEMENT,#19FF19,aucun,aucun,271,8388510115.40869,768301.532436903
272,272,2004,Contreforts Massif Central,2025-02-09,2025-02-08,8,Dioxyde d'azote,PAS DE DEPASSEMENT,#19FF19,aucun,aucun,272,8388510115.40869,768301.532436903
273,273,2004,Contreforts Massif Central,2025-03-29,2025-03-28,7,Ozone,PAS DE DEPASSEMENT,#19FF19,aucun,aucun,273,8388510115.40869,768301.532436903
274,274,2004,Contreforts Massif Central,2025-01-28,2025-01-27,7,Ozone,PAS DE DEPASSEMENT,#19FF19,aucun,aucun,274,8388510115.40869,768301.532436903
275,275,2004,Contreforts Massif Central,2025-03-23,2025-03-22,5,Particules PM10,PAS DE DEPASSEMENT,#19FF19,aucun,aucun,275,8388510115.40869,768301.532436903
276,276,2004,Contreforts Massif Central,2025-01-19,2025-01-18,5,Particules PM10,PAS DE DEPASSEMENT,#19FF19,aucun,aucun,276,8388510115.40869,768301.532436903
277,277,2010,Vallée Maurienne Tarentaise,2025-01-13,2025-01-12,8,Dioxyde d'azote,PAS DE DEPASSEMENT,#19FF19,aucun,aucun,277,3351663776.77173,490196.968906176
278,278,2010,Vallée Maurienne Tarentaise,2025-03-31,2025-03-30,8,Dioxyde d'azote,PAS DE DEPASSEMENT,#19FF19,aucun,aucun,278,3351663776.77173,490196.968906176
279,279,2010,Vallée Maurienne Tarentaise,2025-03-22,2025-03-21,7,Ozone,PAS DE DEPASSEMENT,#19FF19,aucun,aucun,279,3351663776.77173,490196.968906176
280,280,2010,Vallée Maurienne Tarentaise,2025-04-05,2025-04-04,7,Ozone,PAS DE DEPASSEMENT,#19FF19,aucun,aucun,280,3351663776.77173,490196.968906176
281,281,2010,Vallée Maurienne Tarentaise,2025-02-20,2025-02-19,5,Particules PM10,PAS DE DEPASSEMENT,#19FF19,aucun,aucun,281,3351663776.77173,490196.968906176
282,282,2010,Vallée Maurienne Tarentaise,2025-01-31,2025-01-30,5,Particules PM10,PAS DE DEPASSEMENT,#19FF19,aucun,aucun,282,3351663776.77173,490196.968906176
283,283,2011,Zone des Coteaux,2025-01-24,2025-01-23,8,Dioxyde d'azote,PAS DE DEPASSEMENT,#19FF19,aucun,aucun,283,3633709063.09375,438041.830665852
284,284,2011,Zone des Coteaux,2025-03-16,2025-03-15,8,Dioxyde d'azote,PAS DE DEPASSEMENT,#19FF19,aucun,aucun,284,3633709063.09375,438041.830665852
285,285,2011,Zone des Coteaux,2025-03-19,2025-03-18,7,Ozone,PAS DE DEPASSEMENT,#19FF19,aucun,aucun,285,3633709063.09375,438041.830665852
286,286,2011,Zone des Coteaux,2025-03-05,2025-03-04,7,Ozone,PAS DE DEPASSEMENT,#19FF19,aucun,aucun,286,3633709063.09375,438041.830665852
287,287,2011,Zone des Coteaux,2025-02-08,2025-02-07,5,Particules PM10,PAS DE DEPASSEMENT,#19FF19,aucun,aucun,287,3633709063.09375,438041.830665852
288,288,2011,Zone des Coteaux,2025-03-15,2025-03-14,5,Particules PM10,PAS DE DEPASSEMENT,#19FF19,aucun,aucun,288,3633709063.09375,438041.830665852
289,289,2012,Zone urbaine des Pays de Savoie,2025-02-02,2025-02-01,8,Dioxyde d'azote,PAS DE DEPASSEMENT,#19FF19,aucun,aucun,289,2323738627.73462,527791.711691031
290,290,2012,Zone urbaine des Pays de Savoie,2025-03-17,2025-03-16,8,Dioxyde d'azote,PAS DE DEPASSEMENT,#19FF19,aucun,aucun,290,2323738627.73462,527791.711691031
291,291,2012,Zone urbaine des Pays de Savoie,2025-01-26,2025-01-25,7,Ozone,PAS DE DEPASSEMENT,#19FF19,aucun,aucun,291,2323738627.73462,527791.711691031
292,292,2012,Zone urbaine des Pays de Savoie,2025-01-15,2025-01-14,7,Ozone,PAS DE DEPASSEMENT,#19FF19,aucun,aucun,292,2323738627.73462,527791.711691031
293,293,2012,Zone urbaine des Pays de Savoie,2025-03-03,2025-03-02,5,Particules PM10,PAS DE DEPASSEMENT,#19FF19,aucun,aucun,293,2323738627.73462,527791.711691031
294,294,2012,Zone urbaine des Pays de Savoie,2025-01-14,2025-01-13,5,Particules PM10,PAS DE DEPASSEMENT,#19FF19,aucun,aucun,294,2323738627.73462,527791.711691031
295,295,2001,Bassin Lémanique,2025-01-22,2025-01-21,8,Dioxyde d'azote,PAS DE DEPASSEMENT,#19FF19,aucun,aucun,295,2519559257.61719,452886.445142051
296,296,2001,Bassin Lémanique,2025-03-07,2025-03-06,8,Dioxyde d'azote,PAS DE DEPASSEMENT,#19FF19,aucun,aucun,296,2519559257.61719,452886.445142051
297,297,2001,Bassin Lémanique,2025-03-27,2025-03-26,7,Ozone,PAS DE DEPASSEMENT,#19FF19,aucun,aucun,297,2519559257.61719,452886.445142051
298,298,2001,Bassin Lémanique,2025-03-04,2025-03-03,7,Ozone,PAS DE DEPASSEMENT,#19FF19,aucun,aucun,298,2519559257.61719,452886.445142051
299,299,2001,Bassin Lémanique,2025-03-30,2025-03-29,5,Particules PM10,PAS DE DEPASSEMENT,#19FF19,aucun,aucun,299,2519559257.61719,452886.445142051
300,300,2001,Bassin Lémanique,2025-02-07,2025-02-06,5,Particules PM10,PAS DE DEPASSEMENT,#19FF19,aucun,aucun,300,2519559257.61719,452886.445142051
301,301,2002,Bassin Stéphanois,2025-02-09,2025-02-08,8,Dioxyde d'azote,PAS DE DEPASSEMENT,#19FF19,aucun,aucun,301,1496149083.80103,221417.724698525
302,302,2002,Bassin Stéphanois,2025-03-03,2025-03-02,8,Dioxyde d'azote,PAS DE DEPASSEMENT,#19FF19,aucun,aucun,302,1496149083.80103,221417.724698525
303,303,2002,Bassin Stéphanois,2025-02-08,2025-02-07,7,Ozone,PAS DE DEPASSEMENT,#19FF19,aucun,aucun,303,1496149083.80103,221417.724698525
304,304,2002,Bassin Stéphanois,2025-02-16,2025-02-15,7,Ozone,PAS DE DEPASSEMENT,#19FF19,aucun,aucun,304,1496149083.80103,221417.724698525
305,305,2002,Bassin Stéphanois,2025-02-08,2025-02-07,5,Particules PM10,PAS DE DEPASSEMENT,#19FF19,aucun,aucun,305,1496149083.80103,221417.724698525
306,306,2002,Bassin Stéphanois,2025-01-15,2025-01-14,5,Particules PM10,PAS DE DEPASSEMENT,#19FF19,aucun,aucun,306,1496149083.80103,221417.724698525
307,307,2006,Ouest Ain,2025-01-19,2025-01-18,8,Dioxyde d'azote,PAS DE DEPASSEMENT,#19FF19,aucun,aucun,307,7304271428.8186,431225.777083065
308,308,2006,Ouest Ain,2025-03-11,2025-03-10,8,Dioxyde d'azote,PAS DE DEPASSEMENT,#19FF19,aucun,aucun,308,7304271428.8186,431225.777083065
309,309,2006,Ouest Ain,2025-02-22,2025-02-21,7,Ozone,PAS DE DEPASSEMENT,#19FF19,aucun,aucun,309,7304271428.8186,431225.777083065
310,310,2006,Ouest Ain,2025-02-15,2025-02-14,7,Ozone,PAS DE DEPASSEMENT,#19FF19,aucun,aucun,310,7304271428.8186,431225.777083065
311,311,2006,Ouest Ain,2025-03-08,2025-03-07,5,Particules PM10,PAS DE DEPASSEMENT,#19FF19,aucun,aucun,311,7304271428.8186,431225.777083065
312,312,2006,Ouest Ain,2025-03-02,2025-03-01,5,Particules PM10,PAS DE DEPASSEMENT,#19FF19,aucun,aucun,312,7304271428.8186,431225.777083065
313,313,2014,Zone Alpine Savoie,2025-03-18,2025-03-17,8,Dioxyde d'azote,PAS DE DEPASSEMENT,#19FF19,aucun,aucun,313,7855005319.5752,1147978.29816881
314,314,2014,Zone Alpine Savoie,2025-02-03,2025-02-02,8,Dioxyde d'azote,PAS DE DEPASSEMENT,#19FF19,aucun,aucun,314,7855005319.5752,1147978.29816881
315,315,2014,Zone Alpine Savoie,2025-02-21,2025-02-20,7,Ozone,PAS DE DEPASSEMENT,#19FF19,aucun,aucun,315,7855005319.5752,1147978.29816881
316,316,2014,Zone Alpine Savoie,2025-02-16,2025-02-15,7,Ozone,PAS DE DEPASSEMENT,#19FF19,aucun,aucun,316,7855005319.5752,1147978.29816881
317,317,2014,Zone Alpine Savoie,2025-03-31,2025-03-30,5,Particules PM10,PAS DE DEPASSEMENT,#19FF19,aucun,aucun,317,7855005319.5752,1147978.29816881
318,318,2014,Zone Alpine Savoie,2025-02-20,2025-02-19,5,Particules PM10,PAS DE DEPASSEMENT,#19FF19,aucun,aucun,318,7855005319.5752,1147978.29816881
319,319,2008,Vallée de l'Arve,2025-03-08,2025-03-07,8,Dioxyde d'azote,PAS DE DEPASSEMENT,#19FF19,aucun,aucun,319,2584846973.62964,342702.15685192
320,320,2008,Vallée de l'Arve,2025-02-02,2025-02-01,8,Dioxyde d'azote,PAS DE DEPASSEMENT,#19FF19,aucun,aucun,320,2584846973.62964,342702.15685192
321,321,2008,Vallée de l'Arve,2025-02-16,2025-02-15,7,Ozone,PAS DE DEPASSEMENT,#19FF19,aucun,aucun,321,2584846973.62964,342702.15685192
322,322,2008,Vallée de l'Arve,2025-01-17,2025-01-16,7,Ozone,PAS DE DEPASSEMENT,#19FF19,aucun,aucun,322,2584846973.62964,342702.15685192
323,323,2008,Vallée de l'Arve,2025-02-24,2025-02-23,5,Particules PM10,PAS DE DEPASSEMENT,#19FF19,aucun,aucun,323,2584846973.62964,342702.15685192
324,324,2008,Vallée de l'Arve,2025-03-24,2025-03-23,5,Particules PM10,PAS DE DEPASSEMENT,#19FF19,aucun,aucun,324,2584846973.62964,342702.15685192
325,325,2003,Bassin Lyon Nord-Isère,2025-03-17,2025-03-16,8,Dioxyde d'azote,PAS DE DEPASSEMENT,#19FF19,aucun,aucun,325,10020956140.5537,742502.888790182
326,326,2003,Bassin Lyon Nord-Isère,2025-02-20,2025-02-19,8,Dioxyde d'azote,PAS DE DEPASSEMENT,#19FF19,aucun,aucun,326,10020956140.5537,742502.888790182
327,327,2003,Bassin Lyon Nord-Isère,2025-03-10,2025-03-09,7,Ozone,PAS DE DEPASSEMENT,#19FF19,aucun,aucun,327,10020956140.5537,742502.888790182
328,328,2003,Bassin Lyon Nord-Isère,2025-02-04,2025-02-03,7,Ozone,PAS DE DEPASSEMENT,#19FF19,aucun,aucun,328,10020956140.5537,742502.888790182
329,329,2003,Bassin Lyon Nord-Isère,2025-03-25,2025-03-24,5,Particules PM10,ALERTE SUR PERSISTANCE,#FFCE19,"Mardi 16 janvier 2024, les conditions atmosphériques évoluent peu avec des inversions de température. Le risque de dépassement du seuil d'information et de recommandations est encore possible pour la journée du mardi 16 janvier dans la zone du bassin","Mardi 16 janvier 2024, les conditions atmosphériques évoluent peu avec des inversions de température. Le risque de dépassement du seuil d'information et de recommandations est encore possible pour la journée du mardi 16 janvier dans la zone du bassin",329,10020956140.5537,742502.888790182
330,330,2003,Bassin Lyon Nord-Isère,2025-01-25,2025-01-24,5,Particules PM10,ALERTE SUR PERSISTANCE,#FFCE19,"Mardi 16 janvier 2024, les conditions atmosphériques évoluent peu avec des inversions de température. Le risque de dépassement du seuil d'information et de recommandations est encore possible pour la journée du mardi 16 janvier dans la zone du bassin","Mardi 16 janvier 2024, les conditions atmosphériques évoluent peu avec des inversions de température. Le risque de dépassement du seuil d'information et de recommandations est encore possible pour la journée du mardi 16 janvier dans la zone du bassin",330,10020956140.5537,742502.888790182
331,331,2000,Bassin Grenoblois,2025-01-31,2025-01-30,8,Dioxyde d'azote,PAS DE DEPASSEMENT,#19FF19,aucun,aucun,331,1728482137.27905,400232.762903863
332,332,2000,Bassin Grenoblois,2025-01-14,2025-01-13,8,Dioxyde d'azote,PAS DE DEPASSEMENT,#19FF19,aucun,aucun,332,1728482137.27905,400232.762903863
333,333,2000,Bassin Grenoblois,2025-03-13,2025-03-12,7,Ozone,PAS DE DEPASSEMENT,#19FF19,aucun,aucun,333,1728482137.27905,400232.762903863
334,334,2000,Bassin Grenoblois,2025-02-15,2025-02-14,7,Ozone,PAS DE DEPASSEMENT,#19FF19,aucun,aucun,334,1728482137.27905,400232.762903863
335,335,2000,Bassin Grenoblois,2025-01-27,2025-01-26,5,Particules PM10,PAS DE DEPASSEMENT,#19FF19,aucun,aucun,335,1728482137.27905,400232.762903863
336,336,2000,Bassin Grenoblois,2025-04-01,2025-03-31,5,Particules PM10,PAS DE DEPASSEMENT,#19FF19,aucun,aucun,336,1728482137.27905,400232.762903863
337,337,2005,Est Drôme,2025-02-08,2025-02-07,8,Dioxyde d'azote,PAS DE DEPASSEMENT,#19FF19,aucun,aucun,337,7994865760.47021,625055.445346144
338,338,2005,Est Drôme,2025-03-24,2025-03-23,8,Dioxyde d'azote,PAS DE DEPASSEMENT,#19FF19,aucun,aucun,338,7994865760.47021,625055.445346144
339,339,2005,Est Drôme,2025-03-24,2025-03-23,7,Ozone,PAS DE DEPASSEMENT,#19FF19,aucun,aucun,339,7994865760.47021,625055.445346144
340,340,2005,Est Drôme,2025-01-20,2025-01-19,7,Ozone,PAS DE DEPASSEMENT,#19FF19,aucun,aucun,340,7994865760.47021,625055.445346144
341,341,2005,Est Drôme,2025-03-28,2025-03-27,5,Particules PM10,PAS DE DEPASSEMENT,#19FF19,aucun,aucun,341,7994865760.47021,625055.445346144
342,342,2005,Est Drôme,2025-02-23,2025-02-22,5,Particules PM10,PAS DE DEPASSEMENT,#19FF19,aucun,aucun,342,7994865760.47021,625055.445346144
343,343,2009,Vallée du Rhône,2025-02-19,2025-02-18,8,Dioxyde d'azote,PAS DE DEPASSEMENT,#19FF19,aucun,aucun,343,6760147455.34399,714147.276907234
344,344,2009,Vallée du Rhône,2025-03-24,2025-03-23,8,Dioxyde d'azote,PAS DE DEPASSEMENT,#19FF19,aucun,aucun,344,6760147455.34399,714147.276907234
345,345,2009,Vallée du Rhône,2025-03-05,2025-03-04,7,Ozone,PAS DE DEPASSEMENT,#19FF19,aucun,aucun,345,6760147455.34399,714147.276907234
346,346,2009,Vallée du Rhône,2025-01-28,2025-01-27,7,Ozone,PAS DE DEPASSEMENT,#19FF19,aucun,aucun,346,6760147455.34399,714147.276907234
347,347,2009,Vallée du Rhône,2025-04-03,2025-04-02,5,Particules PM10,PAS DE DEPASSEMENT,#19FF19,aucun,aucun,347,6760147455.34399,714147.276907234
348,348,2009,Vallée du Rhône,2025-02-09,2025-02-08,5,Particules PM10,PAS DE DEPASSEMENT,#19FF19,aucun,aucun,348,6760147455.34399,714147.276907234
349,349,2015,Zone Alpine Haute-Savoie,2025-02-06,2025-02-05,8,Dioxyde d'azote,PAS DE DEPASSEMENT,#19FF19,aucun,aucun,349,5028461384.83838,713618.552774131
350,350,2015,Zone Alpine Haute-Savoie,2025-01-28,2025-01-27,8,Dioxyde d'azote,PAS DE DEPASSEMENT,#19FF19,aucun,aucun,350,5028461384.83838,713618.552774131
351,351,2015,Zone Alpine Haute-Savoie,2025-01-13,2025-01-12,7,Ozone,PAS DE DEPASSEMENT,#19FF19,aucun,aucun,351,5028461384.83838,713618.552774131
352,352,2015,Zone Alpine Haute-Savoie,2025-02-24,2025-02-23,7,Ozone,PAS DE DEPASSEMENT,#19FF19,aucun,aucun,352,5028461384.83838,713618.552774131
353,353,2015,Zone Alpine Haute-Savoie,2025-03-05,2025-03-04,5,Particules PM10,PAS DE DEPASSEMENT,#19FF19,aucun,aucun,353,5028461384.83838,713618.552774131
354,354,2015,Zone Alpine Haute-Savoie,2025-02-11,2025-02-10,5,Particules PM10,PAS DE DEPASSEMENT,#19FF19,aucun,aucun,354,5028461384.83838,713618.552774131
355,355,2018,Puy-de-Dôme,2025-02-28,2025-02-27,8,Dioxyde d'azote,PAS DE DEPASSEMENT,#19FF19,aucun,aucun,355,16418574390.5728,676127.767219245
356,356,2018,Puy-de-Dôme,2025-02-01,2025-01-31,8,Dioxyde d'azote,PAS DE DEPASSEMENT,#19FF19,aucun,aucun,356,16418574390.5728,676127.767219245
357,357,2018,Puy-de-Dôme,2025-02-03,2025-02-02,7,Ozone,PAS DE DEPASSEMENT,#19FF19,aucun,aucun,357,16418574390.5728,676127.767219245
358,358,2018,Puy-de-Dôme,2025-01-28,2025-01-27,7,Ozone,PAS DE DEPASSEMENT,#19FF19,aucun,aucun,358,16418574390.5728,676127.767219245
359,359,2018,Puy-de-Dôme,2025-02-12,2025-02-11,5,Particules PM10,PAS DE DEPASSEMENT,#19FF19,aucun,aucun,359,16418574390.5728,676127.767219245
360,360,2018,Puy-de-Dôme,2025-01-31,2025-01-30,5,Particules PM10,PAS DE DEPASSEMENT,#19FF19,aucun,aucun,360,16418574390.5728,676127.767219245
361,361,2017,Haute-Loire,2025-02-04,2025-02-03,8,Dioxyde d'azote,PAS DE DEPASSEMENT,#19FF19,aucun,aucun,361,10065814383.6129,602626.69365192
362,362,2017,Haute-Loire,2025-02-01,2025-01-31,8,Dioxyde d'azote,PAS DE DEPASSEMENT,#19FF19,aucun,aucun,362,10065814383.6129,602626.69365192
363,363,2017,Haute-Loire,2025-03-01,2025-02-28,7,Ozone,PAS DE DEPASSEMENT,#19FF19,aucun,aucun,363,10065814383.6129,602626.69365192
364,364,2017,Haute-Loire,2025-03-06,2025-03-05,7,Ozone,PAS DE DEPASSEMENT,#19FF19,aucun,aucun,364,10065814383.6129,602626.69365192
365,365,2017,Haute-Loire,2025-02-26,2025-02-25,5,Particules PM10,PAS DE DEPASSEMENT,#19FF19,aucun,aucun,365,10065814383.6129,602626.69365192
366,366,2017,Haute-Loire,2025-01-29,2025-01-28,5,Particules PM10,PAS DE DEPASSEMENT,#19FF19,aucun,aucun,366,10065814383.6129,602626.69365192
367,367,2019,Cantal,2025-03-21,2025-03-20,8,Dioxyde d'azote,PAS DE DEPASSEMENT,#19FF19,aucun,aucun,367,11553081647.4812,681939.649883399
368,368,2019,Cantal,2025-01-19,2025-01-18,8,Dioxyde d'azote,PAS DE DEPASSEMENT,#19FF19,aucun,aucun,368,11553081647.4812,681939.649883399
369,369,2019,Cantal,2025-02-10,2025-02-09,7,Ozone,PAS DE DEPASSEMENT,#19FF19,aucun,aucun,369,11553081647.4812,681939.649883399
370,370,2019,Cantal,2025-02-11,2025-02-10,7,Ozone,PAS DE DEPASSEMENT,#19FF19,aucun,aucun,370,11553081647.4812,681939.649883399
371,371,2019,Cantal,2025-01-21,2025-01-20,5,Particules PM10,PAS DE DEPASSEMENT,#19FF19,aucun,aucun,371,11553081647.4812,681939.649883399
372,372,2019,Cantal,2025-03-21,2025-03-20,5,Particules PM10,PAS DE DEPASSEMENT,#19FF19,aucun,aucun,372,11553081647.4812,681939.649883399
373,373,2020,Allier,2025-04-02,2025-04-01,8,Dioxyde d'azote,PAS DE DEPASSEMENT,#19FF19,aucun,aucun,373,15511892321.8704,726675.483949669
374,374,2020,Allier,2025-03-01,2025-02-28,8,Dioxyde d'azote,PAS DE DEPASSEMENT,#19FF19,aucun,aucun,374,15511892321.8704,726675.483949669
375,375,2020,Allier,2025-04-08,2025-04-07,7,Ozone,PAS DE DEPASSEMENT,#19FF19,aucun,aucun,375,15511892321.8704,726675.483949669
376,376,2020,Allier,2025-01-25,2025-01-24,7,Ozone,PAS DE DEPASSEMENT,#19FF19,aucun,aucun,376,15511892321.8704,726675.483949669
377,377,2020,Allier,2025-01-24,2025-01-23,5,Particules PM10,PAS DE DEPASSEMENT,#19FF19,aucun,aucun,377,15511892321.8704,726675.483949669
378,378,2020,Allier,2025-03-06,2025-03-05,5,Particules PM10,PAS DE DEPASSEMENT,#19FF19,aucun,aucun,378,15511892321.8704,726675.483949669
379,379,2016,Zone Alpine Ain,2025-03-08,2025-03-07,8,Dioxyde d'azote,PAS DE DEPASSEMENT,#19FF19,aucun,aucun,379,3359408044.19214,346225.361125245
380,380,2016,Zone Alpine Ain,2025-02-05,2025-02-04,8,Dioxyde d'azote,PAS DE DEPASSEMENT,#19FF19,aucun,aucun,380,3359408044.19214,346225.361125245
381,381,2016,Zone Alpine Ain,2025-02-20,2025-02-19,7,Ozone,PAS DE DEPASSEMENT,#19FF19,aucun,aucun,381,3359408044.19214,346225.361125245
382,382,2016,Zone Alpine Ain,2025-04-07,2025-04-06,7,Ozone,PAS DE DEPASSEMENT,#19FF19,aucun,aucun,382,3359408044.19214,346225.361125245
383,383,2016,Zone Alpine Ain,2025-03-12,2025-03-11,5,Particules PM10,PAS DE DEPASSEMENT,#19FF19,aucun,aucun,383,3359408044.19214,346225.361125245
384,384,2016,Zone Alpine Ain,2025-01-19,2025-01-18,5,Particules PM10,PAS DE DEPASSEMENT,#19FF19,aucun,aucun,384,3359408044.19214,346225.361125245
385,385,2013,Zone Alpine Isère,2025-03-31,2025-03-30,8,Dioxyde d'azote,PAS DE DEPASSEMENT,#19FF19,aucun,aucun,385,7206588787.80615,781821.320976567
386,386,2013,Zone Alpine Isère,2025-04-03,2025-04-02,8,Dioxyde d'azote,PAS DE DEPASSEMENT,#19FF19,aucun,aucun,386,7206588787.80615,781821.320976567
387,387,2013,Zone Alpine Isère,2025-03-29,2025-03-28,7,Ozone,PAS DE DEPASSEMENT,#19FF19,aucun,aucun,387,7206588787.80615,781821.320976567
388,388,2013,Zone Alpine Isère,2025-02-16,2025-02-15,7,Ozone,PAS DE DEPASSEMENT,#19FF19,aucun,aucun,388,7206588787.80615,781821.320976567
389,389,2013,Zone Alpine Isère,2025-02-09,2025-02-08,5,Particules PM10,PAS DE DEPASSEMENT,#19FF19,aucun,aucun,389,7206588787.80615,781821.320976567
390,390,2013,Zone Alpine Isère,2025-01-26,2025-01-25,5,Particules PM10,PAS DE DEPASSEMENT,#19FF19,aucun,aucun,390,7206588787.80615,781821.320976567
391,391,2007,Ouest Ardèche,2025-01-19,2025-01-18,8,Dioxyde d'azote,PAS DE DEPASSEMENT,#19FF19,aucun,aucun,391,9228857579.24243,627133.487901413
392,392,2007,Ouest Ardèche,2025-02-14,2025-02-13,8,Dioxyde d'azote,PAS DE DEPASSEMENT,#19FF19,aucun,aucun,392,9228857579.24243,627133.487901413
393,393,2007,Ouest Ardèche,2025-02-11,2025-02-10,7,Ozone,PAS DE DEPASSEMENT,#19FF19,aucun,aucun,393,9228857579.24243,627133.487901413
394,394,2007,Ouest Ardèche,2025-02-15,2025-02-14,7,Ozone,PAS DE DEPASSEMENT,#19FF19,aucun,aucun,394,9228857579.24243,627133.487901413
395,395,2007,Ouest Ardèche,2025-03-19,2025-03-18,5,Particules PM10,PAS DE DEPASSEMENT,#19FF19,aucun,aucun,395,9228857579.24243,627133.487901413
396,396,2007,Ouest Ardèche,2025-03-24,2025-03-23,5,Particules PM10,PAS DE DEPASSEMENT,#19FF19,aucun,aucun,396,9228857579.24243,627133.487901413
397,397,2004,Contreforts Massif Central,2025-01-15,2025-01-14,8,Dioxyde d'azote,PAS DE DEPASSEMENT,#19FF19,aucun,aucun,397,8388510115.40869,768301.532436903
398,398,2004,Contreforts Massif Central,2025-02-22,2025-02-21,8,Dioxyde d'azote,PAS DE DEPASSEMENT,#19FF19,aucun,aucun,398,8388510115.40869,768301.532436903
399,399,2004,Contreforts Massif Central,2025-01-27,2025-01-26,7,Ozone,PAS DE DEPASSEMENT,#19FF19,aucun,aucun,399,8388510115.40869,768301.532436903
400,400,2004,Contreforts Massif Central,2025-02-18,2025-02-17,7,Ozone,PAS DE DEPASSEMENT,#19FF19,aucun,aucun,400,8388510115.40869,768301.532436903
401,401,2004,Contreforts Massif Central,2025-02-11,2025-02-10,5,Particules PM10,PAS DE DEPASSEMENT,#19FF19,aucun,aucun,401,8388510115.40869,768301.532436903
402,402,2004,Contreforts Massif Central,2025-03-16,2025-03-15,5,Particules PM10,PAS DE DEPASSEMENT,#19FF19,aucun,aucun,402,8388510115.40869,768301.532436903
403,403,2010,Vallée Maurienne Tarentaise,2025-02-05,2025-02-04,8,Dioxyde d'azote,PAS DE DEPASSEMENT,#19FF19,aucun,aucun,403,3351663776.77173,490196.968906176
404,404,2010,Vallée Maurienne Tarentaise,2025-03-20,2025-03-19,8,Dioxyde d'azote,PAS DE DEPASSEMENT,#19FF19,aucun,aucun,404,3351663776.77173,490196.968906176
405,405,2010,Vallée Maurienne Tarentaise,2025-03-26,2025-03-25,7,Ozone,PAS DE DEPASSEMENT,#19FF19,aucun,aucun,405,3351663776.77173,490196.968906176
406,406,2010,Vallée Maurienne Tarentaise,2025-02-25,2025-02-24,7,Ozone,PAS DE DEPASSEMENT,#19FF19,aucun,aucun,406,3351663776.77173,490196.968906176
407,407,2010,Vallée Maurienne Tarentaise,2025-03-06,2025-03-05,5,Particules PM10,PAS DE DEPASSEMENT,#19FF19,aucun,aucun,407,3351663776.77173,490196.968906176
408,408,2010,Vallée Maurienne Tarentaise,2025-03-09,2025-03-08,5,Particules PM10,PAS DE DEPASSEMENT,#19FF19,aucun,aucun,408,3351663776.77173,490196.968906176
409,409,2011,Zone des Coteaux,2025-02-12,2025-02-11,8,Dioxyde d'azote,PAS DE DEPASSEMENT,#19FF19,aucun,aucun,409,3633709063.09375,438041.830665852
410,410,2011,Zone des Coteaux,2025-02-24,2025-02-23,8,Dioxyde d'azote,PAS DE DEPASSEMENT,#19FF19,aucun,aucun,410,3633709063.09375,438041.830665852
411,411,2011,Zone des Coteaux,2025-01-29,2025-01-28,7,Ozone,PAS DE DEPASSEMENT,#19FF19,aucun,aucun,411,3633709063.09375,438041.830665852
412,412,2011,Zone des Coteaux,2025-03-19,2025-03-18,7,Ozone,PAS DE DEPASSEMENT,#19FF19,aucun,aucun,412,3633709063.09375,438041.830665852
413,413,2011,Zone des Coteaux,2025-03-20,2025-03-19,5,Particules PM10,PAS DE DEPASSEMENT,#19FF19,aucun,aucun,413,3633709063.09375,438041.830665852
414,414,2011,Zone des Coteaux,2025-01-26,2025-01-25,5,Particules PM10,PAS DE DEPASSEMENT,#19FF19,aucun,aucun,414,3633709063.09375,438041.830665852
415,415,2012,Zone urbaine des Pays de Savoie,2025-03-11,2025-03-10,8,Dioxyde d'azote,PAS DE DEPASSEMENT,#19FF19,aucun,aucun,415,2323738627.73462,527791.711691031
416,416,2012,Zone urbaine des Pays de Savoie,2025-03-22,2025-03-21,8,Dioxyde d'azote,PAS DE DEPASSEMENT,#19FF19,aucun,aucun,416,2323738627.73462,527791.711691031
417,417,2012,Zone urbaine des Pays de Savoie,2025-03-01,2025-02-28,7,Ozone,PAS DE DEPASSEMENT,#19FF19,aucun,aucun,417,2323738627.73462,527791.711691031
418,418,2012,Zone urbaine des Pays de Savoie,2025-03-22,2025-03-21,7,Ozone,PAS DE DEPASSEMENT,#19FF19,aucun,aucun,418,2323738627.73462,527791.711691031
419,419,2012,Zone urbaine des Pays de Savoie,2025-01-20,2025-01-19,5,Particules PM10,PAS DE DEPASSEMENT,#19FF19,aucun,aucun,419,2323738627.73462,527791.711691031
420,420,2012,Zone urbaine des Pays de Savoie,2025-03-02,2025-03-01,5,Particules PM10,PAS DE DEPASSEMENT,#19FF19,aucun,aucun,420,2323738627.73462,527791.711691031
421,421,2001,Bassin Lémanique,2025-04-07,2025-04-06,8,Dioxyde d'azote,PAS DE DEPASSEMENT,#19FF19,aucun,aucun,421,2519559257.61719,452886.445142051
422,422,2001,Bassin Lémanique,2025-04-08,2025-04-07,8,Dioxyde d'azote,PAS DE DEPASSEMENT,#19FF19,aucun,aucun,422,2519559257.61719,452886.445142051
423,423,2001,Bassin Lémanique,2025-02-26,2025-02-25,7,Ozone,PAS DE DEPASSEMENT,#19FF19,aucun,aucun,423,2519559257.61719,452886.445142051
424,424,2001,Bassin Lémanique,2025-03-26,2025-03-25,7,Ozone,PAS DE DEPASSEMENT,#19FF19,aucun,aucun,424,2519559257.61719,452886.445142051
425,425,2001,Bassin Lémanique,2025-01-20,2025-01-19,5,Particules PM10,PAS DE DEPASSEMENT,#19FF19,aucun,aucun,425,2519559257.61719,452886.445142051
426,426,2001,Bassin Lémanique,2025-04-09,2025-04-08,5,Particules PM10,PAS DE DEPASSEMENT,#19FF19,aucun,aucun,426,2519559257.61719,452886.445142051
427,427,2002,Bassin Stéphanois,2025-04-04,2025-04-03,8,Dioxyde d'azote,PAS DE DEPASSEMENT,#19FF19,aucun,aucun,427,1496149083.80103,221417.724698525
428,428,2002,Bassin Stéphanois,2025-03-19,2025-03-18,8,Dioxyde d'azote,PAS DE DEPASSEMENT,#19FF19,aucun,aucun,428,1496149083.80103,221417.724698525
429,429,2002,Bassin Stéphanois,2025-04-02,2025-04-01,7,Ozone,PAS DE DEPASSEMENT,#19FF19,aucun,aucun,429,1496149083.80103,221417.724698525
430,430,2002,Bassin Stéphanois,2025-01-23,2025-01-22,7,Ozone,PAS DE DEPASSEMENT,#19FF19,aucun,aucun,430,1496149083.80103,221417.724698525
431,431,2002,Bassin Stéphanois,2025-03-01,2025-02-28,5,Particules PM10,PAS DE DEPASSEMENT,#19FF19,aucun,aucun,431,1496149083.80103,221417.724698525
432,432,2002,Bassin Stéphanois,2025-02-26,2025-02-25,5,Particules PM10,PAS DE DEPASSEMENT,#19FF19,aucun,aucun,432,1496149083.80103,221417.724698525
433,433,2006,Ouest Ain,2025-01-17,2025-01-16,8,Dioxyde d'azote,PAS DE DEPASSEMENT,#19FF19,aucun,aucun,433,7304271428.8186,431225.777083065
434,434,2006,Ouest Ain,2025-02-09,2025-02-08,8,Dioxyde d'azote,PAS DE DEPASSEMENT,#19FF19,aucun,aucun,434,7304271428.8186,431225.777083065
435,435,2006,Ouest Ain,2025-01-20,2025-01-19,7,Ozone,PAS DE DEPASSEMENT,#19FF19,aucun,aucun,435,7304271428.8186,431225.777083065
436,436,2006,Ouest Ain,2025-03-23,2025-03-22,7,Ozone,PAS DE DEPASSEMENT,#19FF19,aucun,aucun,436,7304271428.8186,431225.777083065
437,437,2006,Ouest Ain,2025-03-11,2025-03-10,5,Particules PM10,PAS DE DEPASSEMENT,#19FF19,aucun,aucun,437,7304271428.8186,431225.777083065
438,438,2006,Ouest Ain,2025-04-05,2025-04-04,5,Particules PM10,PAS DE DEPASSEMENT,#19FF19,aucun,aucun,438,7304271428.8186,431225.777083065
439,439,2014,Zone Alpine Savoie,2025-02-19,2025-02-18,8,Dioxyde d'azote,PAS DE DEPASSEMENT,#19FF19,aucun,aucun,439,7855005319.5752,1147978.29816881
440,440,2014,Zone Alpine Savoie,2025-01-19,2025-01-18,8,Dioxyde d'azote,PAS DE DEPASSEMENT,#19FF19,aucun,aucun,440,7855005319.5752,1147978.29816881
441,441,2014,Zone Alpine Savoie,2025-04-08,2025-04-07,7,Ozone,PAS DE DEPASSEMENT,#19FF19,aucun,aucun,441,7855005319.5752,1147978.29816881
442,442,2014,Zone Alpine Savoie,2025-02-22,2025-02-21,7,Ozone,PAS DE DEPASSEMENT,#19FF19,aucun,aucun,442,7855005319.5752,1147978.29816881
443,443,2014,Zone Alpine Savoie,2025-01-16,2025-01-15,5,Particules PM10,PAS DE DEPASSEMENT,#19FF19,aucun,aucun,443,7855005319.5752,1147978.29816881
444,444,2014,Zone Alpine Savoie,2025-01-23,2025-01-22,5,Particules PM10,PAS DE DEPASSEMENT,#19FF19,aucun,aucun,444,7855005319.5752,1147978.29816881
445,445,2008,Vallée de l'Arve,2025-01-13,2025-01-12,8,Dioxyde d'azote,PAS DE DEPASSEMENT,#19FF19,aucun,aucun,445,2584846973.62964,342702.15685192
446,446,2008,Vallée de l'Arve,2025-04-01,2025-03-31,8,Dioxyde d'azote,PAS DE DEPASSEMENT,#19FF19,aucun,aucun,446,2584846973.62964,342702.15685192
447,447,2008,Vallée de l'Arve,2025-03-23,2025-03-22,7,Ozone,PAS DE DEPASSEMENT,#19FF19,aucun,aucun,447,2584846973.62964,342702.15685192
448,448,2008,Vallée de l'Arve,2025-01-18,2025-01-17,7,Ozone,PAS DE DEPASSEMENT,#19FF19,aucun,aucun,448,2584846973.62964,342702.15685192
449,449,2008,Vallée de l'Arve,2025-02-24,2025-02-23,5,Particules PM10,PAS DE DEPASSEMENT,#19FF19,aucun,aucun,449,2584846973.62964,342702.15685192
450,450,2008,Vallée de l'Arve,2025-02-14,2025-02-13,5,Particules PM10,PAS DE DEPASSEMENT,#19FF19,aucun,aucun,450,2584846973.62964,342702.15685192
451,451,2003,Bassin Lyon Nord-Isère,2025-03-14,2025-03-13,8,Dioxyde d'azote,PAS DE DEPASSEMENT,#19FF19,aucun,aucun,451,10020956140.5537,742502.888790182
452,452,2003,Bassin Lyon Nord-Isère,2025-03-16,2025-03-15,8,Dioxyde d'azote,PAS DE DEPASSEMENT,#19FF19,aucun,aucun,452,10020956140.5537,742502.888790182
453,453,2003,Bassin Lyon Nord-Isère,2025-03-16,2025-03-15,7,Ozone,PAS DE DEPASSEMENT,#19FF19,aucun,aucun,453,10020956140.5537,742502.888790182
454,454,2003,Bassin Lyon Nord-Isère,2025-01-13,2025-01-12,7,Ozone,PAS DE DEPASSEMENT,#19FF19,aucun,aucun,454,10020956140.5537,742502.888790182
455,455,2003,Bassin Lyon Nord-Isère,2025-02-18,2025-02-17,5,Particules PM10,PAS DE DEPASSEMENT,#19FF19,aucun,aucun,455,10020956140.5537,742502.888790182
456,456,2003,Bassin Lyon Nord-Isère,2025-02-12,2025-02-11,5,Particules PM10,PAS DE DEPASSEMENT,#19FF19,aucun,aucun,456,10020956140.5537,742502.888790182
457,457,2000,Bassin Grenoblois,2025-03-24,2025-03-23,8,Dioxyde d'azote,PAS DE DEPASSEMENT,#19FF19,aucun,aucun,457,1728482137.27905,400232.762903863
458,458,2000,Bassin Grenoblois,2025-02-01,2025-01-31,8,Dioxyde d'azote,PAS DE DEPASSEMENT,#19FF19,aucun,aucun,458,1728482137.27905,400232.762903863
459,459,2000,Bassin Grenoblois,2025-02-07,2025-02-06,7,Ozone,PAS DE DEPASSEMENT,#19FF19,aucun,aucun,459,1728482137.27905,400232.762903863
460,460,2000,Bassin Grenoblois,2025-04-03,2025-04-02,7,Ozone,PAS DE DEPASSEMENT,#19FF19,aucun,aucun,460,1728482137.27905,400232.762903863
461,461,2000,Bassin Grenoblois,2025-03-11,2025-03-10,5,Particules PM10,PAS DE DEPASSEMENT,#19FF19,aucun,aucun,461,1728482137.27905,400232.762903863
462,462,2000,Bassin Grenoblois,2025-02-14,2025-02-13,5,Particules PM10,PAS DE DEPASSEMENT,#19FF19,aucun,aucun,462,1728482137.27905,400232.762903863
463,463,2005,Est Drôme,2025-01-21,2025-01-20,8,Dioxyde d'azote,PAS DE DEPASSEMENT,#19FF19,aucun,aucun,463,7994865760.47021,625055.445346144
464,464,2005,Est Drôme,2025-01-15,2025-01-14,8,Dioxyde d'azote,PAS DE DEPASSEMENT,#19FF19,aucun,aucun,464,7994865760.47021,625055.445346144
465,465,2005,Est Drôme,2025-04-03,2025-04-02,7,Ozone,PAS DE DEPASSEMENT,#19FF19,aucun,aucun,465,7994865760.47021,625055.445346144
466,466,2005,Est Drôme,2025-02-03,2025-02-02,7,Ozone,PAS DE DEPASSEMENT,#19FF19,aucun,aucun,466,7994865760.47021,625055.445346144
467,467,2005,Est Drôme,2025-01-22,2025-01-21,5,Particules PM10,PAS DE DEPASSEMENT,#19FF19,aucun,aucun,467,7994865760.47021,625055.445346144
468,468,2005,Est Drôme,2025-02-10,2025-02-09,5,Particules PM10,PAS DE DEPASSEMENT,#19FF19,aucun,aucun,468,7994865760.47021,625055.445346144
469,469,2009,Vallée du Rhône,2025-01-30,2025-01-29,8,Dioxyde d'azote,PAS DE DEPASSEMENT,#19FF19,aucun,aucun,469,6760147455.34399,714147.276907234
470,470,2009,Vallée du Rhône,2025-02-26,2025-02-25,8,Dioxyde d'azote,PAS DE DEPASSEMENT,#19FF19,aucun,aucun,470,6760147455.34399,714147.276907234
471,471,2009,Vallée du Rhône,2025-03-31,2025-03-30,7,Ozone,PAS DE DEPASSEMENT,#19FF19,aucun,aucun,471,6760147455.34399,714147.276907234
472,472,2009,Vallée du Rhône,2025-02-23,2025-02-22,7,Ozone,PAS DE DEPASSEMENT,#19FF19,aucun,aucun,472,6760147455.34399,714147.276907234
473,473,2009,Vallée du Rhône,2025-03-03,2025-03-02,5,Particules PM10,PAS DE DEPASSEMENT,#19FF19,aucun,aucun,473,6760147455.34399,714147.276907234
474,474,2009,Vallée du Rhône,2025-03-16,2025-03-15,5,Particules PM10,PAS DE DEPASSEMENT,#19FF19,aucun,aucun,474,6760147455.34399,714147.276907234
475,475,2015,Zone Alpine Haute-Savoie,2025-04-09,2025-04-08,8,Dioxyde d'azote,PAS DE DEPASSEMENT,#19FF19,aucun,aucun,475,5028461384.83838,713618.552774131
476,476,2015,Zone Alpine Haute-Savoie,2025-01-23,2025-01-22,8,Dioxyde d'azote,PAS DE DEPASSEMENT,#19FF19,aucun,aucun,476,5028461384.83838,713618.552774131
477,477,2015,Zone Alpine Haute-Savoie,2025-01-15,2025-01-14,7,Ozone,PAS DE DEPASSEMENT,#19FF19,aucun,aucun,477,5028461384.83838,713618.552774131
478,478,2015,Zone Alpine Haute-Savoie,2025-03-10,2025-03-09,7,Ozone,PAS DE DEPASSEMENT,#19FF19,aucun,aucun,478,5028461384.83838,713618.552774131
479,479,2015,Zone Alpine Haute-Savoie,2025-02-22,2025-02-21,5,Particules PM10,PAS DE DEPASSEMENT,#19FF19,aucun,aucun,479,5028461384.83838,713618.552774131
480,480,2015,Zone Alpine Haute-Savoie,2025-01-30,2025-01-29,5,Particules PM10,PAS DE DEPASSEMENT,#19FF19,aucun,aucun,480,5028461384.83838,713618.552774131
481,481,2018,Puy-de-Dôme,2025-01-26,2025-01-25,8,Dioxyde d'azote,PAS DE DEPASSEMENT,#19FF19,aucun,aucun,481,16418574390.5728,676127.767219245
482,482,2018,Puy-de-Dôme,2025-01-26,2025-01-25,8,Dioxyde d'azote,PAS DE DEPASSEMENT,#19FF19,aucun,aucun,482,16418574390.5728,676127.767219245
483,483,2018,Puy-de-Dôme,2025-04-06,2025-04-05,7,Ozone,PAS DE DEPASSEMENT,#19FF19,aucun,aucun,483,16418574390.5728,676127.767219245
484,484,2018,Puy-de-Dôme,2025-03-01,2025-02-28,7,Ozone,PAS DE DEPASSEMENT,#19FF19,aucun,aucun,484,16418574390.5728,676127.767219245
485,485,2018,Puy-de-Dôme,2025-02-11,2025-02-10,5,Particules PM10,PAS DE DEPASSEMENT,#19FF19,aucun,aucun,485,16418574390.5728,676127.767219245
486,486,2018,Puy-de-Dôme,2025-01-24,2025-01-23,5,Particules PM10,PAS DE DEPASSEMENT,#19FF19,aucun,aucun,486,16418574390.5728,676127.767219245
487,487,2017,Haute-Loire,2025-03-20,2025-03-19,8,Dioxyde d'azote,PAS DE DEPASSEMENT,#19FF19,aucun,aucun,487,10065814383.6129,602626.69365192
488,488,2017,Haute-Loire,2025-03-07,2025-03-06,8,Dioxyde d'azote,PAS DE DEPASSEMENT,#19FF19,aucun,aucun,488,10065814383.6129,602626.69365192
489,489,2017,Haute-Loire,2025-01-19,2025-01-18,7,Ozone,PAS DE DEPASSEMENT,#19FF19,aucun,aucun,489,10065814383.6129,602626.69365192
490,490,2017,Haute-Loire,2025-03-15,2025-03-14,7,Ozone,PAS DE DEPASSEMENT,#19FF19,aucun,aucun,490,10065814383.6129,602626.69365192
491,491,2017,Haute-Loire,2025-02-06,2025-02-05,5,Particules PM10,PAS DE DEPASSEMENT,#19FF19,aucun,aucun,491,10065814383.6129,602626.69365192
492,492,2017,Haute-Loire,2025-02-09,2025-02-08,5,Particules PM10,PAS DE DEPASSEMENT,#19FF19,aucun,aucun,492,10065814383.6129,602626.69365192
493,493,2019,Cantal,2025-04-02,2025-04-01,8,Dioxyde d'azote,PAS DE DEPASSEMENT,#19FF19,aucun,aucun,493,11553081647.4812,681939.649883399
494,494,2019,Cantal,2025-03-16,2025-03-15,8,Dioxyde d'azote,PAS DE DEPASSEMENT,#19FF19,aucun,aucun,494,11553081647.4812,681939.649883399
495,495,2019,Cantal,2025-03-05,2025-03-04,7,Ozone,PAS DE DEPASSEMENT,#19FF19,aucun,aucun,495,11553081647.4812,681939.649883399
496,496,2019,Cantal,2025-02-23,2025-02-22,7,Ozone,PAS DE DEPASSEMENT,#19FF19,aucun,aucun,496,11553081647.4812,681939.649883399
497,497,2019,Cantal,2025-04-09,2025-04-08,5,Particules PM10,PAS DE DEPASSEMENT,#19FF19,aucun,aucun,497,11553081647.4812,681939.649883399
498,498,2019,Cantal,2025-03-18,2025-03-17,5,Particules PM10,PAS DE DEPASSEMENT,#19FF19,aucun,aucun,498,11553081647.4812,681939.649883399
499,499,2020,Allier,2025-02-26,2025-02-25,8,Dioxyde d'azote,PAS DE DEPASSEMENT,#19FF19,aucun,aucun,499,15511892321.8704,726675.483949669
500,500,2020,Allier,2025-01-13,2025-01-12,8,Dioxyde d'azote,PAS DE DEPASSEMENT,#19FF19,aucun,aucun,500,15511892321.8704,726675.483949669
501,501,2020,Allier,2025-03-10,2025-03-09,7,Ozone,PAS DE DEPASSEMENT,#19FF19,aucun,aucun,501,15511892321.8704,726675.483949669
502,502,2020,Allier,2025-02-05,2025-02-04,7,Ozone,PAS DE DEPASSEMENT,#19FF19,aucun,aucun,502,15511892321.8704,726675.483949669
503,503,2020,Allier,2025-01-28,2025-01-27,5,Particules PM10,PAS DE DEPASSEMENT,#19FF19,aucun,aucun,503,15511892321.8704,726675.483949669
504,504,2020,Allier,2025-03-18,2025-03-17,5,Particules PM10,PAS DE DEPASSEMENT,#19FF19,aucun,aucun,504,15511892321.8704,726675.483949669
505,505,2016,Zone Alpine Ain,2025-02-09,2025-02-08,8,Dioxyde d'azote,PAS DE DEPASSEMENT,#19FF19,aucun,aucun,505,3359408044.19214,346225.361125245
506,506,2016,Zone Alpine Ain,2025-04-08,2025-04-07,8,Dioxyde d'azote,PAS DE DEPASSEMENT,#19FF19,aucun,aucun,506,3359408044.19214,346225.361125245
507,507,2016,Zone Alpine Ain,2025-04-01,2025-03-31,7,Ozone,PAS DE DEPASSEMENT,#19FF19,aucun,aucun,507,3359408044.19214,346225.361125245
508,508,2016,Zone Alpine Ain,2025-03-28,2025-03-27,7,Ozone,PAS DE DEPASSEMENT,#19FF19,aucun,aucun,508,3359408044.19214,346225.361125245
509,509,2016,Zone Alpine Ain,2025-02-24,2025-02-23,5,Particules PM10,PAS DE DEPASSEMENT,#19FF19,aucun,aucun,509,3359408044.19214,346225.361125245
510,510,2016,Zone Alpine Ain,2025-03-20,2025-03-19,5,Particules PM10,PAS DE DEPASSEMENT,#19FF19,aucun,aucun,510,3359408044.19214,346225.361125245
511,511,2013,Zone Alpine Isère,2025-02-24,2025-02-23,8,Dioxyde d'azote,PAS DE DEPASSEMENT,#19FF19,aucun,aucun,511,7206588787.80615,781821.320976567
512,512,2013,Zone Alpine Isère,2025-01-17,2025-01-16,8,Dioxyde d'azote,PAS DE DEPASSEMENT,#19FF19,aucun,aucun,512,7206588787.80615,781821.320976567
513,513,2013,Zone Alpine Isère,2025-02-02,2025-02-01,7,Ozone,PAS DE DEPASSEMENT,#19FF19,aucun,aucun,513,7206588787.80615,781821.320976567
514,514,2013,Zone Alpine Isère,2025-01-26,2025-01-25,7,Ozone,PAS DE DEPASSEMENT,#19FF19,aucun,aucun,514,7206588787.80615,781821.320976567
515,515,2013,Zone Alpine Isère,2025-02-09,2025-02-08,5,Particules PM10,PAS DE DEPASSEMENT,#19FF19,aucun,aucun,515,7206588787.80615,781821.320976567
516,516,2013,Zone Alpine Isère,2025-03-01,2025-02-28,5,Particules PM10,PAS DE DEPASSEMENT,#19FF19,aucun,aucun,516,7206588787.80615,781821.320976567
517,517,2007,Ouest Ardèche,2025-03-09,2025-03-08,8,Dioxyde d'azote,PAS DE DEPASSEMENT,#19FF19,aucun,aucun,517,9228857579.24243,627133.487901413
518,518,2007,Ouest Ardèche,2025-02-06,2025-02-05,8,Dioxyde d'azote,PAS DE DEPASSEMENT,#19FF19,aucun,aucun,518,9228857579.24243,627133.487901413
519,519,2007,Ouest Ardèche,2025-03-22,2025-03-21,7,Ozone,PAS DE DEPASSEMENT,#19FF19,aucun,aucun,519,9228857579.24243,627133.487901413
520,520,2007,Ouest Ardèche,2025-03-04,2025-03-03,7,Ozone,PAS DE DEPASSEMENT,#19FF19,aucun,aucun,520,9228857579.24243,627133.487901413
521,521,2007,Ouest Ardèche,2025-01-28,2025-01-27,5,Particules PM10,PAS DE DEPASSEMENT,#19FF19,aucun,aucun,521,9228857579.24243,627133.487901413
522,522,2007,Ouest Ardèche,2025-01-13,2025-01-12,5,Particules PM10,PAS DE DEPASSEMENT,#19FF19,aucun,aucun,522,9228857579.24243,627133.487901413
523,523,2004,Contreforts Massif Central,2025-03-24,2025-03-23,8,Dioxyde d'azote,PAS DE DEPASSEMENT,#19FF19,aucun,aucun,523,8388510115.40869,768301.532436903
524,524,2004,Contreforts Massif Central,2025-03-28,2025-03-27,8,Dioxyde d'azote,PAS DE DEPASSEMENT,#19FF19,aucun,aucun,524,8388510115.40869,768301.532436903
525,525,2004,Contreforts Massif Central,2025-01-23,2025-01-22,7,Ozone,PAS DE DEPASSEMENT,#19FF19,aucun,aucun,525,8388510115.40869,768301.532436903
526,526,2004,Contreforts Massif Central,2025-02-06,2025-02-05,7,Ozone,PAS DE DEPASSEMENT,#19FF19,aucun,aucun,526,8388510115.40869,768301.532436903
527,527,2004,Contreforts Massif Central,2025-02-02,2025-02-01,5,Particules PM10,PAS DE DEPASSEMENT,#19FF19,aucun,aucun,527,8388510115.40869,768301.532436903
528,528,2004,Contreforts Massif Central,2025-03-07,2025-03-06,5,Particules PM10,PAS DE DEPASSEMENT,#19FF19,aucun,aucun,528,8388510115.40869,768301.532436903
529,529,2010,Vallée Maurienne Tarentaise,2025-01-30,2025-01-29,8,Dioxyde d'azote,PAS DE DEPASSEMENT,#19FF19,aucun,aucun,529,3351663776.77173,490196.968906176
530,530,2010,Vallée Maurienne Tarentaise,2025-02-04,2025-02-03,8,Dioxyde d'azote,PAS DE DEPASSEMENT,#19FF19,aucun,aucun,530,3351663776.77173,490196.968906176
531,531,2010,Vallée Maurienne Tarentaise,2025-03-31,2025-03-30,7,Ozone,PAS DE DEPASSEMENT,#19FF19,aucun,aucun,531,3351663776.77173,490196.968906176
532,532,2010,Vallée Maurienne Tarentaise,2025-04-07,2025-04-06,7,Ozone,PAS DE DEPASSEMENT,#19FF19,aucun,aucun,532,3351663776.77173,490196.968906176
533,533,2010,Vallée Maurienne Tarentaise,2025-02-16,2025-02-15,5,Particules PM10,PAS DE DEPASSEMENT,#19FF19,aucun,aucun,533,3351663776.77173,490196.968906176
534,534,2010,Vallée Maurienne Tarentaise,2025-03-03,2025-03-02,5,Particules PM10,PAS DE DEPASSEMENT,#19FF19,aucun,aucun,534,3351663776.77173,490196.968906176
535,535,2011,Zone des Coteaux,2025-02-28,2025-02-27,8,Dioxyde d'azote,PAS DE DEPASSEMENT,#19FF19,aucun,aucun,535,3633709063.09375,438041.830665852
536,536,2011,Zone des Coteaux,2025-02-21,2025-02-20,8,Dioxyde d'azote,PAS DE DEPASSEMENT,#19FF19,aucun,aucun,536,3633709063.09375,438041.830665852
537,537,2011,Zone des Coteaux,2025-03-08,2025-03-07,7,Ozone,PAS DE DEPASSEMENT,#19FF19,aucun,aucun,537,3633709063.09375,438041.830665852
538,538,2011,Zone des Coteaux,2025-01-27,2025-01-26,7,Ozone,PAS DE DEPASSEMENT,#19FF19,aucun,aucun,538,3633709063.09375,438041.830665852
539,539,2011,Zone des Coteaux,2025-02-04,2025-02-03,5,Particules PM10,PAS DE DEPASSEMENT,#19FF19,aucun,aucun,539,3633709063.09375,438041.830665852
540,540,2011,Zone des Coteaux,2025-03-06,2025-03-05,5,Particules PM10,PAS DE DEPASSEMENT,#19FF19,aucun,aucun,540,3633709063.09375,438041.830665852
541,541,2012,Zone urbaine des Pays de Savoie,2025-03-19,2025-03-18,8,Dioxyde d'azote,PAS DE DEPASSEMENT,#19FF19,aucun,aucun,541,2323738627.73462,527791.711691031
542,542,2012,Zone urbaine des Pays de Savoie,2025-01-15,2025-01-14,8,Dioxyde d'azote,PAS DE DEPASSEMENT,#19FF19,aucun,aucun,542,2323738627.73462,527791.711691031
543,543,2012,Zone urbaine des Pays de Savoie,2025-02-18,2025-02-17,7,Ozone,PAS DE DEPASSEMENT,#19FF19,aucun,aucun,543,2323738627.73462,527791.711691031
544,544,2012,Zone urbaine des Pays de Savoie,2025-02-14,2025-02-13,7,Ozone,PAS DE DEPASSEMENT,#19FF19,aucun,aucun,544,2323738627.73462,527791.711691031
545,545,2012,Zone urbaine des Pays de Savoie,2025-03-07,2025-03-06,5,Particules PM10,PAS DE DEPASSEMENT,#19FF19,aucun,aucun,545,2323738627.73462,527791.711691031
546,546,2012,Zone urbaine des Pays de Savoie,2025-02-05,2025-02-04,5,Particules PM10,PAS DE DEPASSEMENT,#19FF19,aucun,aucun,546,2323738627.73462,527791.711691031
547,547,2001,Bassin Lémanique,2025-04-04,2025-04-03,8,Dioxyde d'azote,PAS DE DEPASSEMENT,#19FF19,aucun,aucun,547,2519559257.61719,452886.445142051
548,548,2001,Bassin Lémanique,2025-01-19,2025-01-18,8,Dioxyde d'azote,PAS DE DEPASSEMENT,#19FF19,aucun,aucun,548,2519559257.61719,452886.445142051
549,549,2001,Bassin Lémanique,2025-02-11,2025-02-10,7,Ozone,PAS DE DEPASSEMENT,#19FF19,aucun,aucun,549,2519559257.61719,452886.445142051
550,550,2001,Bassin Lémanique,2025-04-06,2025-04-05,7,Ozone,PAS DE DEPASSEMENT,#19FF19,aucun,aucun,550,2519559257.61719,452886.445142051
551,551,2001,Bassin Lémanique,2025-01-20,2025-01-19,5,Particules PM10,PAS DE DEPASSEMENT,#19FF19,aucun,aucun,551,2519559257.61719,452886.445142051
552,552,2001,Bassin Lémanique,2025-04-06,2025-04-05,5,Particules PM10,PAS DE DEPASSEMENT,#19FF19,aucun,aucun,552,2519559257.61719,452886.445142051
553,553,2002,Bassin Stéphanois,2025-03-02,2025-03-01,8,Dioxyde d'azote,PAS DE DEPASSEMENT,#19FF19,aucun,aucun,553,1496149083.80103,221417.724698525
554,554,2002,Bassin Stéphanois,2025-02-08,2025-02-07,8,Dioxyde d'azote,PAS DE DEPASSEMENT,#19FF19,aucun,aucun,554,1496149083.80103,221417.724698525
555,555,2002,Bassin Stéphanois,2025-03-08,2025-03-07,7,Ozone,PAS DE DEPASSEMENT,#19FF19,aucun,aucun,555,1496149083.80103,221417.724698525
556,556,2002,Bassin Stéphanois,2025-03-05,2025-03-04,7,Ozone,PAS DE DEPASSEMENT,#19FF19,aucun,aucun,556,1496149083.80103,221417.724698525
557,557,2002,Bassin Stéphanois,2025-03-29,2025-03-28,5,Particules PM10,PAS DE DEPASSEMENT,#19FF19,aucun,aucun,557,1496149083.80103,221417.724698525
558,558,2002,Bassin Stéphanois,2025-03-27,2025-03-26,5,Particules PM10,PAS DE DEPASSEMENT,#19FF19,aucun,aucun,558,1496149083.80103,221417.724698525
559,559,2006,Ouest Ain,2025-02-01,2025-01-31,8,Dioxyde d'azote,PAS DE DEPASSEMENT,#19FF19,aucun,aucun,559,7304271428.8186,431225.777083065
560,560,2006,Ouest Ain,2025-04-01,2025-03-31,8,Dioxyde d'azote,PAS DE DEPASSEMENT,#19FF19,aucun,aucun,560,7304271428.8186,431225.777083065
561,561,2006,Ouest Ain,2025-02-19,2025-02-18,7,Ozone,PAS DE DEPASSEMENT,#19FF19,aucun,aucun,561,7304271428.8186,431225.777083065
562,562,2006,Ouest Ain,2025-03-19,2025-03-18,7,Ozone,PAS DE DEPASSEMENT,#19FF19,aucun,aucun,562,7304271428.8186,431225.777083065
563,563,2006,Ouest Ain,2025-02-15,2025-02-14,5,Particules PM10,PAS DE DEPASSEMENT,#19FF19,aucun,aucun,563,7304271428.8186,431225.777083065
564,564,2006,Ouest Ain,2025-03-22,2025-03-21,5,Particules PM10,PAS DE DEPASSEMENT,#19FF19,aucun,aucun,564,7304271428.8186,431225.777083065
565,565,2014,Zone Alpine Savoie,2025-02-20,2025-02-19,8,Dioxyde d'azote,PAS DE DEPASSEMENT,#19FF19,aucun,aucun,565,7855005319.5752,1147978.29816881
566,566,2014,Zone Alpine Savoie,2025-02-13,2025-02-12,8,Dioxyde d'azote,PAS DE DEPASSEMENT,#19FF19,aucun,aucun,566,7855005319.5752,1147978.29816881
567,567,2014,Zone Alpine Savoie,2025-01-13,2025-01-12,7,Ozone,PAS DE DEPASSEMENT,#19FF19,aucun,aucun,567,7855005319.5752,1147978.29816881
568,568,2014,Zone Alpine Savoie,2025-04-02,2025-04-01,7,Ozone,PAS DE DEPASSEMENT,#19FF19,aucun,aucun,568,7855005319.5752,1147978.29816881
569,569,2014,Zone Alpine Savoie,2025-01-24,2025-01-23,5,Particules PM10,PAS DE DEPASSEMENT,#19FF19,aucun,aucun,569,7855005319.5752,1147978.29816881
570,570,2014,Zone Alpine Savoie,2025-02-14,2025-02-13,5,Particules PM10,PAS DE DEPASSEMENT,#19FF19,aucun,aucun,570,7855005319.5752,1147978.29816881
571,571,2008,Vallée de l'Arve,2025-03-30,2025-03-29,8,Dioxyde d'azote,PAS DE DEPASSEMENT,#19FF19,aucun,aucun,571,2584846973.62964,342702.15685192
572,572,2008,Vallée de l'Arve,2025-01-31,2025-01-30,8,Dioxyde d'azote,PAS DE DEPASSEMENT,#19FF19,aucun,aucun,572,2584846973.62964,342702.15685192
573,573,2008,Vallée de l'Arve,2025-04-08,2025-04-07,7,Ozone,PAS DE DEPASSEMENT,#19FF19,aucun,aucun,573,2584846973.62964,342702.15685192
574,574,2008,Vallée de l'Arve,2025-04-07,2025-04-06,7,Ozone,PAS DE DEPASSEMENT,#19FF19,aucun,aucun,574,2584846973.62964,342702.15685192
575,575,2008,Vallée de l'Arve,2025-02-01,2025-01-31,5,Particules PM10,PAS DE DEPASSEMENT,#19FF19,aucun,aucun,575,2584846973.62964,342702.15685192
576,576,2008,Vallée de l'Arve,2025-02-23,2025-02-22,5,Particules PM10,PAS DE DEPASSEMENT,#19FF19,aucun,aucun,576,2584846973.62964,342702.15685192
577,577,2003,Bassin Lyon Nord-Isère,2025-02-01,2025-01-31,8,Dioxyde d'azote,PAS DE DEPASSEMENT,#19FF19,aucun,aucun,577,10020956140.5537,742502.888790182
578,578,2003,Bassin Lyon Nord-Isère,2025-03-15,2025-03-14,8,Dioxyde d'azote,PAS DE DEPASSEMENT,#19FF19,aucun,aucun,578,10020956140.5537,742502.888790182
579,579,2003,Bassin Lyon Nord-Isère,2025-04-09,2025-04-08,7,Ozone,PAS DE DEPASSEMENT,#19FF19,aucun,aucun,579,10020956140.5537,742502.888790182
580,580,2003,Bassin Lyon Nord-Isère,2025-03-28,2025-03-27,7,Ozone,PAS DE DEPASSEMENT,#19FF19,aucun,aucun,580,10020956140.5537,742502.888790182
581,581,2003,Bassin Lyon Nord-Isère,2025-02-16,2025-02-15,5,Particules PM10,PAS DE DEPASSEMENT,#19FF19,aucun,aucun,581,10020956140.5537,742502.888790182
582,582,2003,Bassin Lyon Nord-Isère,2025-01-29,2025-01-28,5,Particules PM10,PAS DE DEPASSEMENT,#19FF19,aucun,aucun,582,10020956140.5537,742502.888790182
583,583,2000,Bassin Grenoblois,2025-03-02,2025-03-01,8,Dioxyde d'azote,PAS DE DEPASSEMENT,#19FF19,aucun,aucun,583,1728482137.27905,400232.762903863
584,584,2000,Bassin Grenoblois,2025-02-26,2025-02-25,8,Dioxyde d'azote,PAS DE DEPASSEMENT,#19FF19,aucun,aucun,584,1728482137.27905,400232.762903863
585,585,2000,Bassin Grenoblois,2025-03-13,2025-03-12,7,Ozone,PAS DE DEPASSEMENT,#19FF19,aucun,aucun,585,1728482137.27905,400232.762903863
586,586,2000,Bassin Grenoblois,2025-02-09,2025-02-08,7,Ozone,PAS DE DEPASSEMENT,#19FF19,aucun,aucun,586,1728482137.27905,400232.762903863
587,587,2000,Bassin Grenoblois,2025-03-31,2025-03-30,5,Particules PM10,PAS DE DEPASSEMENT,#19FF19,aucun,aucun,587,1728482137.27905,400232.762903863
588,588,2000,Bassin Grenoblois,2025-01-31,2025-01-30,5,Particules PM10,PAS DE DEPASSEMENT,#19FF19,aucun,aucun,588,1728482137.27905,400232.762903863
589,589,2005,Est Drôme,2025-02-22,2025-02-21,8,Dioxyde d'azote,PAS DE DEPASSEMENT,#19FF19,aucun,aucun,589,7994865760.47021,625055.445346144
590,590,2005,Est Drôme,2025-04-07,2025-04-06,8,Dioxyde d'azote,PAS DE DEPASSEMENT,#19FF19,aucun,aucun,590,7994865760.47021,625055.445346144
591,591,2005,Est Drôme,2025-01-23,2025-01-22,7,Ozone,PAS DE DEPASSEMENT,#19FF19,aucun,aucun,591,7994865760.47021,625055.445346144
592,592,2005,Est Drôme,2025-04-05,2025-04-04,7,Ozone,PAS DE DEPASSEMENT,#19FF19,aucun,aucun,592,7994865760.47021,625055.445346144
593,593,2005,Est Drôme,2025-02-02,2025-02-01,5,Particules PM10,PAS DE DEPASSEMENT,#19FF19,aucun,aucun,593,7994865760.47021,625055.445346144
594,594,2005,Est Drôme,2025-04-05,2025-04-04,5,Particules PM10,PAS DE DEPASSEMENT,#19FF19,aucun,aucun,594,7994865760.47021,625055.445346144
595,595,2009,Vallée du Rhône,2025-02-26,2025-02-25,8,Dioxyde d'azote,PAS DE DEPASSEMENT,#19FF19,aucun,aucun,595,6760147455.34399,714147.276907234
596,596,2009,Vallée du Rhône,2025-02-13,2025-02-12,8,Dioxyde d'azote,PAS DE DEPASSEMENT,#19FF19,aucun,aucun,596,6760147455.34399,714147.276907234
597,597,2009,Vallée du Rhône,2025-01-13,2025-01-12,7,Ozone,PAS DE DEPASSEMENT,#19FF19,aucun,aucun,597,6760147455.34399,714147.276907234
598,598,2009,Vallée du Rhône,2025-01-14,2025-01-13,7,Ozone,PAS DE DEPASSEMENT,#19FF19,aucun,aucun,598,6760147455.34399,714147.276907234
599,599,2009,Vallée du Rhône,2025-01-25,2025-01-24,5,Particules PM10,PAS DE DEPASSEMENT,#19FF19,aucun,aucun,599,6760147455.34399,714147.276907234
600,600,2009,Vallée du Rhône,2025-04-09,2025-04-08,5,Particules PM10,PAS DE DEPASSEMENT,#19FF19,aucun,aucun,600,6760147455.34399,714147.276907234
601,601,2015,Zone Alpine Haute-Savoie,2025-02-15,2025-02-14,8,Dioxyde d'azote,PAS DE DEPASSEMENT,#19FF19,aucun,aucun,601,5028461384.83838,713618.552774131
602,602,2015,Zone Alpine Haute-Savoie,2025-04-05,2025-04-04,8,Dioxyde d'azote,PAS DE DEPASSEMENT,#19FF19,aucun,aucun,602,5028461384.83838,713618.552774131
603,603,2015,Zone Alpine Haute-Savoie,2025-03-29,2025-03-28,7,Ozone,PAS DE DEPASSEMENT,#19FF19,aucun,aucun,603,5028461384.83838,713618.552774131
604,604,2015,Zone Alpine Haute-Savoie,2025-03-30,2025-03-29,7,Ozone,PAS DE DEPASSEMENT,#19FF19,aucun,aucun,604,5028461384.83838,713618.552774131
605,605,2015,Zone Alpine Haute-Savoie,2025-04-08,2025-04-07,5,Particules PM10,PAS DE DEPASSEMENT,#19FF19,aucun,aucun,605,5028461384.83838,713618.552774131
606,606,2015,Zone Alpine Haute-Savoie,2025-01-18,2025-01-17,5,Particules PM10,PAS DE DEPASSEMENT,#19FF19,aucun,aucun,606,5028461384.83838,713618.552774131
607,607,2018,Puy-de-Dôme,2025-01-19,2025-01-18,8,Dioxyde d'azote,PAS DE DEPASSEMENT,#19FF19,aucun,aucun,607,16418574390.5728,676127.767219245
608,608,2018,Puy-de-Dôme,2025-04-04,2025-04-03,8,Dioxyde d'azote,PAS DE DEPASSEMENT,#19FF19,aucun,aucun,608,16418574390.5728,676127.767219245
609,609,2018,Puy-de-Dôme,2025-02-25,2025-02-24,7,Ozone,PAS DE DEPASSEMENT,#19FF19,aucun,aucun,609,16418574390.5728,676127.767219245
610,610,2018,Puy-de-Dôme,2025-03-09,2025-03-08,7,Ozone,PAS DE DEPASSEMENT,#19FF19,aucun,aucun,610,16418574390.5728,676127.767219245
611,611,2018,Puy-de-Dôme,2025-02-07,2025-02-06,5,Particules PM10,PAS DE DEPASSEMENT,#19FF19,aucun,aucun,611,16418574390.5728,676127.767219245
612,612,2018,Puy-de-Dôme,2025-04-09,2025-04-08,5,Particules PM10,PAS DE DEPASSEMENT,#19FF19,aucun,aucun,612,16418574390.5728,676127.767219245
613,613,2017,Haute-Loire,2025-02-04,2025-02-03,8,Dioxyde d'azote,PAS DE DEPASSEMENT,#19FF19,aucun,aucun,613,10065814383.6129,602626.69365192
614,614,2017,Haute-Loire,2025-01-25,2025-01-24,8,Dioxyde d'azote,PAS DE DEPASSEMENT,#19FF19,aucun,aucun,614,10065814383.6129,602626.69365192
615,615,2017,Haute-Loire,2025-01-13,2025-01-12,7,Ozone,PAS DE DEPASSEMENT,#19FF19,aucun,aucun,615,10065814383.6129,602626.69365192
616,616,2017,Haute-Loire,2025-03-06,2025-03-05,7,Ozone,PAS DE DEPASSEMENT,#19FF19,aucun,aucun,616,10065814383.6129,602626.69365192
617,617,2017,Haute-Loire,2025-01-17,2025-01-16,5,Particules PM10,PAS DE DEPASSEMENT,#19FF19,aucun,aucun,617,10065814383.6129,602626.69365192
618,618,2017,Haute-Loire,2025-02-06,2025-02-05,5,Particules PM10,PAS DE DEPASSEMENT,#19FF19,aucun,aucun,618,10065814383.6129,602626.69365192
619,619,2019,Cantal,2025-02-20,2025-02-19,8,Dioxyde d'azote,PAS DE DEPASSEMENT,#19FF19,aucun,aucun,619,11553081647.4812,681939.649883399
620,620,2019,Cantal,2025-04-01,2025-03-31,8,Dioxyde d'azote,PAS DE DEPASSEMENT,#19FF19,aucun,aucun,620,11553081647.4812,681939.649883399
621,621,2019,Cantal,2025-02-27,2025-02-26,7,Ozone,PAS DE DEPASSEMENT,#19FF19,aucun,aucun,621,11553081647.4812,681939.649883399
622,622,2019,Cantal,2025-02-05,2025-02-04,7,Ozone,PAS DE DEPASSEMENT,#19FF19,aucun,aucun,622,11553081647.4812,681939.649883399
623,623,2019,Cantal,2025-03-24,2025-03-23,5,Particules PM10,PAS DE DEPASSEMENT,#19FF19,aucun,aucun,623,11553081647.4812,681939.649883399
624,624,2019,Cantal,2025-01-28,2025-01-27,5,Particules PM10,PAS DE DEPASSEMENT,#19FF19,aucun,aucun,624,11553081647.4812,681939.649883399
625,625,2020,Allier,2025-04-05,2025-04-04,8,Dioxyde d'azote,PAS DE DEPASSEMENT,#19FF19,aucun,aucun,625,15511892321.8704,726675.483949669
626,626,2020,Allier,2025-01-21,2025-01-20,8,Dioxyde d'azote,PAS DE DEPASSEMENT,#19FF19,aucun,aucun,626,15511892321.8704,726675.483949669
627,627,2020,Allier,2025-01-24,2025-01-23,7,Ozone,PAS DE DEPASSEMENT,#19FF19,aucun,aucun,627,15511892321.8704,726675.483949669
628,628,2020,Allier,2025-03-01,2025-02-28,7,Ozone,PAS DE DEPASSEMENT,#19FF19,aucun,aucun,628,15511892321.8704,726675.483949669
629,629,2020,Allier,2025-01-31,2025-01-30,5,Particules PM10,PAS DE DEPASSEMENT,#19FF19,aucun,aucun,629,15511892321.8704,726675.483949669
630,630,2020,Allier,2025-02-25,2025-02-24,5,Particules PM10,PAS DE DEPASSEMENT,#19FF19,aucun,aucun,630,15511892321.8704,726675.483949669
